[{"model": "admin.logentry", "pk": 1, "fields": {"action_time": "2023-12-01T23:26:29.321Z", "user": 1, "content_type": 16, "object_id": "5", "object_repr": "563675D637564FC5B8EF9AF89B300190", "action_flag": 2, "change_message": "[{\"deleted\": {\"name\": \"order line item\", \"object\": \"SKU sle2040her600inn on order 563675D637564FC5B8EF9AF89B300190\"}}, {\"deleted\": {\"name\": \"order line item\", \"object\": \"SKU thyhre250ant on order 563675D637564FC5B8EF9AF89B300190\"}}]"}}, {"model": "admin.logentry", "pk": 2, "fields": {"action_time": "2023-12-01T23:27:02.134Z", "user": 1, "content_type": 16, "object_id": "4", "object_repr": "98AEF6E833D240C39DD1DDFA692BB687", "action_flag": 2, "change_message": "[{\"deleted\": {\"name\": \"order line item\", \"object\": \"SKU thyhre250ant on order 98AEF6E833D240C39DD1DDFA692BB687\"}}, {\"deleted\": {\"name\": \"order line item\", \"object\": \"SKU sle2040her600inn on order 98AEF6E833D240C39DD1DDFA692BB687\"}}]"}}, {"model": "admin.logentry", "pk": 3, "fields": {"action_time": "2023-12-01T23:27:12.556Z", "user": 1, "content_type": 16, "object_id": "3", "object_repr": "48FE5568093249FD840D9526EEE77CCE", "action_flag": 2, "change_message": "[{\"deleted\": {\"name\": \"order line item\", \"object\": \"SKU thyhre250ant on order 48FE5568093249FD840D9526EEE77CCE\"}}, {\"deleted\": {\"name\": \"order line item\", \"object\": \"SKU sle2040her600inn on order 48FE5568093249FD840D9526EEE77CCE\"}}]"}}, {"model": "admin.logentry", "pk": 4, "fields": {"action_time": "2023-12-01T23:27:47.371Z", "user": 1, "content_type": 16, "object_id": "5", "object_repr": "563675D637564FC5B8EF9AF89B300190", "action_flag": 3, "change_message": ""}}, {"model": "admin.logentry", "pk": 5, "fields": {"action_time": "2023-12-01T23:27:47.379Z", "user": 1, "content_type": 16, "object_id": "4", "object_repr": "98AEF6E833D240C39DD1DDFA692BB687", "action_flag": 3, "change_message": ""}}, {"model": "admin.logentry", "pk": 6, "fields": {"action_time": "2023-12-01T23:27:47.381Z", "user": 1, "content_type": 16, "object_id": "3", "object_repr": "48FE5568093249FD840D9526EEE77CCE", "action_flag": 3, "change_message": ""}}, {"model": "admin.logentry", "pk": 7, "fields": {"action_time": "2023-12-01T23:27:52.851Z", "user": 1, "content_type": 16, "object_id": "2", "object_repr": "47468118C54F43268055A3398AA7BB60", "action_flag": 2, "change_message": "[{\"deleted\": {\"name\": \"order line item\", \"object\": \"SKU thyhre250ant on order 47468118C54F43268055A3398AA7BB60\"}}]"}}, {"model": "admin.logentry", "pk": 8, "fields": {"action_time": "2023-12-02T00:50:47.343Z", "user": 1, "content_type": 16, "object_id": "6", "object_repr": "DF41A2C509E84BE981E1C108418A23D9", "action_flag": 2, "change_message": "[{\"changed\": {\"name\": \"order line item\", \"object\": \"SKU sle2040her600inn on order DF41A2C509E84BE981E1C108418A23D9\", \"fields\": [\"Quantity\"]}}]"}}, {"model": "admin.logentry", "pk": 9, "fields": {"action_time": "2023-12-02T00:51:07.864Z", "user": 1, "content_type": 16, "object_id": "6", "object_repr": "DF41A2C509E84BE981E1C108418A23D9", "action_flag": 2, "change_message": "[{\"changed\": {\"name\": \"order line item\", \"object\": \"SKU sle2040her600inn on order DF41A2C509E84BE981E1C108418A23D9\", \"fields\": [\"Quantity\"]}}]"}}, {"model": "admin.logentry", "pk": 10, "fields": {"action_time": "2023-12-02T23:04:44.156Z", "user": 3, "content_type": 8, "object_id": "1", "object_repr": "test1@gmail.com", "action_flag": 2, "change_message": "[{\"changed\": {\"fields\": [\"Verified\"]}}]"}}, {"model": "admin.logentry", "pk": 11, "fields": {"action_time": "2023-12-16T12:25:47.687Z", "user": 3, "content_type": 19, "object_id": "1", "object_repr": "WishList (test2)", "action_flag": 1, "change_message": "[{\"added\": {}}]"}}, {"model": "admin.logentry", "pk": 12, "fields": {"action_time": "2023-12-17T18:58:05.188Z", "user": 3, "content_type": 19, "object_id": "123", "object_repr": "test2 : Thymian syrup", "action_flag": 1, "change_message": "[{\"added\": {}}]"}}, {"model": "admin.logentry", "pk": 13, "fields": {"action_time": "2023-12-17T18:59:16.057Z", "user": 3, "content_type": 19, "object_id": "124", "object_repr": "test2 : Marigold Mellow Cream", "action_flag": 1, "change_message": "[{\"added\": {}}]"}}, {"model": "admin.logentry", "pk": 14, "fields": {"action_time": "2023-12-19T23:43:55.669Z", "user": 3, "content_type": 20, "object_id": "1", "object_repr": "test2\"s review", "action_flag": 1, "change_message": "[{\"added\": {}}]"}}, {"model": "admin.logentry", "pk": 15, "fields": {"action_time": "2023-12-28T20:37:10.405Z", "user": 3, "content_type": 15, "object_id": "9", "object_repr": "test 4", "action_flag": 2, "change_message": "[{\"changed\": {\"fields\": [\"Image\"]}}]"}}, {"model": "admin.logentry", "pk": 16, "fields": {"action_time": "2024-01-10T10:34:39.186Z", "user": 3, "content_type": 15, "object_id": "4", "object_repr": "Sleep Well Capsules", "action_flag": 2, "change_message": "[{\"changed\": {\"fields\": [\"Featured\"]}}]"}}, {"model": "admin.logentry", "pk": 17, "fields": {"action_time": "2024-01-10T10:34:52.049Z", "user": 3, "content_type": 15, "object_id": "9", "object_repr": "test 4", "action_flag": 2, "change_message": "[{\"changed\": {\"fields\": [\"Featured\"]}}]"}}, {"model": "admin.logentry", "pk": 18, "fields": {"action_time": "2024-01-10T10:34:57.498Z", "user": 3, "content_type": 15, "object_id": "4", "object_repr": "Sleep Well Capsules", "action_flag": 2, "change_message": "[{\"changed\": {\"fields\": [\"Featured\"]}}]"}}, {"model": "admin.logentry", "pk": 19, "fields": {"action_time": "2024-01-10T10:35:11.494Z", "user": 3, "content_type": 15, "object_id": "10", "object_repr": "asdf ads", "action_flag": 2, "change_message": "[{\"changed\": {\"fields\": [\"Featured\"]}}]"}}, {"model": "admin.logentry", "pk": 20, "fields": {"action_time": "2024-01-10T10:35:16.414Z", "user": 3, "content_type": 15, "object_id": "1", "object_repr": "Thymian syrup", "action_flag": 2, "change_message": "[]"}}, {"model": "admin.logentry", "pk": 21, "fields": {"action_time": "2024-01-10T10:35:20.830Z", "user": 3, "content_type": 15, "object_id": "2", "object_repr": "Thymian syrup", "action_flag": 2, "change_message": "[{\"changed\": {\"fields\": [\"Featured\"]}}]"}}, {"model": "admin.logentry", "pk": 22, "fields": {"action_time": "2024-01-10T10:35:57.600Z", "user": 3, "content_type": 15, "object_id": "5", "object_repr": "test1", "action_flag": 2, "change_message": "[{\"changed\": {\"fields\": [\"Featured\"]}}]"}}, {"model": "admin.logentry", "pk": 23, "fields": {"action_time": "2024-01-10T10:36:02.319Z", "user": 3, "content_type": 15, "object_id": "10", "object_repr": "asdf ads", "action_flag": 2, "change_message": "[]"}}, {"model": "admin.logentry", "pk": 24, "fields": {"action_time": "2024-01-10T10:36:36.555Z", "user": 3, "content_type": 15, "object_id": "10", "object_repr": "asdf ads", "action_flag": 2, "change_message": "[]"}}, {"model": "admin.logentry", "pk": 25, "fields": {"action_time": "2024-01-10T10:36:56.281Z", "user": 3, "content_type": 15, "object_id": "3", "object_repr": "Marigold Mellow Cream", "action_flag": 2, "change_message": "[{\"changed\": {\"fields\": [\"Healing properties\", \"Full ingredients\", \"Featured\"]}}]"}}, {"model": "admin.logentry", "pk": 26, "fields": {"action_time": "2024-01-11T11:19:09.312Z", "user": 3, "content_type": 15, "object_id": "73", "object_repr": "Bergamot Citrus Essential Oil", "action_flag": 2, "change_message": "[{\"changed\": {\"fields\": [\"Image\"]}}]"}}, {"model": "admin.logentry", "pk": 27, "fields": {"action_time": "2024-01-11T11:23:59.617Z", "user": 3, "content_type": 15, "object_id": "65", "object_repr": "Lavender Calming Essential Oil", "action_flag": 2, "change_message": "[{\"changed\": {\"fields\": [\"Image\"]}}]"}}, {"model": "auth.permission", "pk": 1, "fields": {"name": "Can add log entry", "content_type": 1, "codename": "add_logentry"}}, {"model": "auth.permission", "pk": 2, "fields": {"name": "Can change log entry", "content_type": 1, "codename": "change_logentry"}}, {"model": "auth.permission", "pk": 3, "fields": {"name": "Can delete log entry", "content_type": 1, "codename": "delete_logentry"}}, {"model": "auth.permission", "pk": 4, "fields": {"name": "Can view log entry", "content_type": 1, "codename": "view_logentry"}}, {"model": "auth.permission", "pk": 5, "fields": {"name": "Can add permission", "content_type": 2, "codename": "add_permission"}}, {"model": "auth.permission", "pk": 6, "fields": {"name": "Can change permission", "content_type": 2, "codename": "change_permission"}}, {"model": "auth.permission", "pk": 7, "fields": {"name": "Can delete permission", "content_type": 2, "codename": "delete_permission"}}, {"model": "auth.permission", "pk": 8, "fields": {"name": "Can view permission", "content_type": 2, "codename": "view_permission"}}, {"model": "auth.permission", "pk": 9, "fields": {"name": "Can add group", "content_type": 3, "codename": "add_group"}}, {"model": "auth.permission", "pk": 10, "fields": {"name": "Can change group", "content_type": 3, "codename": "change_group"}}, {"model": "auth.permission", "pk": 11, "fields": {"name": "Can delete group", "content_type": 3, "codename": "delete_group"}}, {"model": "auth.permission", "pk": 12, "fields": {"name": "Can view group", "content_type": 3, "codename": "view_group"}}, {"model": "auth.permission", "pk": 13, "fields": {"name": "Can add user", "content_type": 4, "codename": "add_user"}}, {"model": "auth.permission", "pk": 14, "fields": {"name": "Can change user", "content_type": 4, "codename": "change_user"}}, {"model": "auth.permission", "pk": 15, "fields": {"name": "Can delete user", "content_type": 4, "codename": "delete_user"}}, {"model": "auth.permission", "pk": 16, "fields": {"name": "Can view user", "content_type": 4, "codename": "view_user"}}, {"model": "auth.permission", "pk": 17, "fields": {"name": "Can add content type", "content_type": 5, "codename": "add_contenttype"}}, {"model": "auth.permission", "pk": 18, "fields": {"name": "Can change content type", "content_type": 5, "codename": "change_contenttype"}}, {"model": "auth.permission", "pk": 19, "fields": {"name": "Can delete content type", "content_type": 5, "codename": "delete_contenttype"}}, {"model": "auth.permission", "pk": 20, "fields": {"name": "Can view content type", "content_type": 5, "codename": "view_contenttype"}}, {"model": "auth.permission", "pk": 21, "fields": {"name": "Can add session", "content_type": 6, "codename": "add_session"}}, {"model": "auth.permission", "pk": 22, "fields": {"name": "Can change session", "content_type": 6, "codename": "change_session"}}, {"model": "auth.permission", "pk": 23, "fields": {"name": "Can delete session", "content_type": 6, "codename": "delete_session"}}, {"model": "auth.permission", "pk": 24, "fields": {"name": "Can view session", "content_type": 6, "codename": "view_session"}}, {"model": "auth.permission", "pk": 25, "fields": {"name": "Can add site", "content_type": 7, "codename": "add_site"}}, {"model": "auth.permission", "pk": 26, "fields": {"name": "Can change site", "content_type": 7, "codename": "change_site"}}, {"model": "auth.permission", "pk": 27, "fields": {"name": "Can delete site", "content_type": 7, "codename": "delete_site"}}, {"model": "auth.permission", "pk": 28, "fields": {"name": "Can view site", "content_type": 7, "codename": "view_site"}}, {"model": "auth.permission", "pk": 29, "fields": {"name": "Can add email address", "content_type": 8, "codename": "add_emailaddress"}}, {"model": "auth.permission", "pk": 30, "fields": {"name": "Can change email address", "content_type": 8, "codename": "change_emailaddress"}}, {"model": "auth.permission", "pk": 31, "fields": {"name": "Can delete email address", "content_type": 8, "codename": "delete_emailaddress"}}, {"model": "auth.permission", "pk": 32, "fields": {"name": "Can view email address", "content_type": 8, "codename": "view_emailaddress"}}, {"model": "auth.permission", "pk": 33, "fields": {"name": "Can add email confirmation", "content_type": 9, "codename": "add_emailconfirmation"}}, {"model": "auth.permission", "pk": 34, "fields": {"name": "Can change email confirmation", "content_type": 9, "codename": "change_emailconfirmation"}}, {"model": "auth.permission", "pk": 35, "fields": {"name": "Can delete email confirmation", "content_type": 9, "codename": "delete_emailconfirmation"}}, {"model": "auth.permission", "pk": 36, "fields": {"name": "Can view email confirmation", "content_type": 9, "codename": "view_emailconfirmation"}}, {"model": "auth.permission", "pk": 37, "fields": {"name": "Can add social account", "content_type": 10, "codename": "add_socialaccount"}}, {"model": "auth.permission", "pk": 38, "fields": {"name": "Can change social account", "content_type": 10, "codename": "change_socialaccount"}}, {"model": "auth.permission", "pk": 39, "fields": {"name": "Can delete social account", "content_type": 10, "codename": "delete_socialaccount"}}, {"model": "auth.permission", "pk": 40, "fields": {"name": "Can view social account", "content_type": 10, "codename": "view_socialaccount"}}, {"model": "auth.permission", "pk": 41, "fields": {"name": "Can add social application", "content_type": 11, "codename": "add_socialapp"}}, {"model": "auth.permission", "pk": 42, "fields": {"name": "Can change social application", "content_type": 11, "codename": "change_socialapp"}}, {"model": "auth.permission", "pk": 43, "fields": {"name": "Can delete social application", "content_type": 11, "codename": "delete_socialapp"}}, {"model": "auth.permission", "pk": 44, "fields": {"name": "Can view social application", "content_type": 11, "codename": "view_socialapp"}}, {"model": "auth.permission", "pk": 45, "fields": {"name": "Can add social application token", "content_type": 12, "codename": "add_socialtoken"}}, {"model": "auth.permission", "pk": 46, "fields": {"name": "Can change social application token", "content_type": 12, "codename": "change_socialtoken"}}, {"model": "auth.permission", "pk": 47, "fields": {"name": "Can delete social application token", "content_type": 12, "codename": "delete_socialtoken"}}, {"model": "auth.permission", "pk": 48, "fields": {"name": "Can view social application token", "content_type": 12, "codename": "view_socialtoken"}}, {"model": "auth.permission", "pk": 49, "fields": {"name": "Can add Categorie", "content_type": 13, "codename": "add_category"}}, {"model": "auth.permission", "pk": 50, "fields": {"name": "Can change Categorie", "content_type": 13, "codename": "change_category"}}, {"model": "auth.permission", "pk": 51, "fields": {"name": "Can delete Categorie", "content_type": 13, "codename": "delete_category"}}, {"model": "auth.permission", "pk": 52, "fields": {"name": "Can view Categorie", "content_type": 13, "codename": "view_category"}}, {"model": "auth.permission", "pk": 53, "fields": {"name": "Can add Subcategorie", "content_type": 14, "codename": "add_subcategory"}}, {"model": "auth.permission", "pk": 54, "fields": {"name": "Can change Subcategorie", "content_type": 14, "codename": "change_subcategory"}}, {"model": "auth.permission", "pk": 55, "fields": {"name": "Can delete Subcategorie", "content_type": 14, "codename": "delete_subcategory"}}, {"model": "auth.permission", "pk": 56, "fields": {"name": "Can view Subcategorie", "content_type": 14, "codename": "view_subcategory"}}, {"model": "auth.permission", "pk": 57, "fields": {"name": "Can add product", "content_type": 15, "codename": "add_product"}}, {"model": "auth.permission", "pk": 58, "fields": {"name": "Can change product", "content_type": 15, "codename": "change_product"}}, {"model": "auth.permission", "pk": 59, "fields": {"name": "Can delete product", "content_type": 15, "codename": "delete_product"}}, {"model": "auth.permission", "pk": 60, "fields": {"name": "Can view product", "content_type": 15, "codename": "view_product"}}, {"model": "auth.permission", "pk": 61, "fields": {"name": "Can add order", "content_type": 16, "codename": "add_order"}}, {"model": "auth.permission", "pk": 62, "fields": {"name": "Can change order", "content_type": 16, "codename": "change_order"}}, {"model": "auth.permission", "pk": 63, "fields": {"name": "Can delete order", "content_type": 16, "codename": "delete_order"}}, {"model": "auth.permission", "pk": 64, "fields": {"name": "Can view order", "content_type": 16, "codename": "view_order"}}, {"model": "auth.permission", "pk": 65, "fields": {"name": "Can add order line item", "content_type": 17, "codename": "add_orderlineitem"}}, {"model": "auth.permission", "pk": 66, "fields": {"name": "Can change order line item", "content_type": 17, "codename": "change_orderlineitem"}}, {"model": "auth.permission", "pk": 67, "fields": {"name": "Can delete order line item", "content_type": 17, "codename": "delete_orderlineitem"}}, {"model": "auth.permission", "pk": 68, "fields": {"name": "Can view order line item", "content_type": 17, "codename": "view_orderlineitem"}}, {"model": "auth.permission", "pk": 69, "fields": {"name": "Can add user profile", "content_type": 18, "codename": "add_userprofile"}}, {"model": "auth.permission", "pk": 70, "fields": {"name": "Can change user profile", "content_type": 18, "codename": "change_userprofile"}}, {"model": "auth.permission", "pk": 71, "fields": {"name": "Can delete user profile", "content_type": 18, "codename": "delete_userprofile"}}, {"model": "auth.permission", "pk": 72, "fields": {"name": "Can view user profile", "content_type": 18, "codename": "view_userprofile"}}, {"model": "auth.permission", "pk": 73, "fields": {"name": "Can add wishlist", "content_type": 19, "codename": "add_wishlist"}}, {"model": "auth.permission", "pk": 74, "fields": {"name": "Can change wishlist", "content_type": 19, "codename": "change_wishlist"}}, {"model": "auth.permission", "pk": 75, "fields": {"name": "Can delete wishlist", "content_type": 19, "codename": "delete_wishlist"}}, {"model": "auth.permission", "pk": 76, "fields": {"name": "Can view wishlist", "content_type": 19, "codename": "view_wishlist"}}, {"model": "auth.permission", "pk": 77, "fields": {"name": "Can add review", "content_type": 20, "codename": "add_review"}}, {"model": "auth.permission", "pk": 78, "fields": {"name": "Can change review", "content_type": 20, "codename": "change_review"}}, {"model": "auth.permission", "pk": 79, "fields": {"name": "Can delete review", "content_type": 20, "codename": "delete_review"}}, {"model": "auth.permission", "pk": 80, "fields": {"name": "Can view review", "content_type": 20, "codename": "view_review"}}, {"model": "auth.user", "pk": 1, "fields": {"password": "pbkdf2_sha256$260000$k8ZFO5Kj8Oe3hnnxMxAWaZ$iDFOqPUXfvXlW2z9GEyJf/bIKX79DrC/Lj/9r9r5qc0=", "last_login": "2024-01-09T22:38:00.067Z", "is_superuser": true, "username": "vn281090", "first_name": "", "last_name": "", "email": "", "is_staff": true, "is_active": true, "date_joined": "2023-11-13T22:10:20.661Z", "groups": [], "user_permissions": []}}, {"model": "auth.user", "pk": 2, "fields": {"password": "pbkdf2_sha256$260000$qxyqUSRb8Ct50eQJTliON3$0FLAmHFtWeCtAkLHn8R2e0H4cTveEfk9cg5W46yVU1w=", "last_login": "2024-01-07T15:19:32.232Z", "is_superuser": false, "username": "test1", "first_name": "", "last_name": "", "email": "test1@gmail.com", "is_staff": false, "is_active": true, "date_joined": "2023-12-02T22:30:42.548Z", "groups": [], "user_permissions": []}}, {"model": "auth.user", "pk": 3, "fields": {"password": "pbkdf2_sha256$260000$d7OjwLcn1z7gbxHs22khrH$BdZmRMXR+ZZfwhB0Hr8iRN6F/xX8uBaUYheDVymxPeY=", "last_login": "2024-01-09T22:38:13.677Z", "is_superuser": true, "username": "vn2810902", "first_name": "", "last_name": "", "email": "veronika.nemergutova@yahoo.com", "is_staff": true, "is_active": true, "date_joined": "2023-12-02T22:39:43.708Z", "groups": [], "user_permissions": []}}, {"model": "auth.user", "pk": 4, "fields": {"password": "pbkdf2_sha256$260000$cIsqt4sbSHd14tICpQ1tFB$rM9lnShAC1v6HECXzzUs3l1WEKNzJpx5TdiRF3Agr3w=", "last_login": "2024-01-09T18:41:00.117Z", "is_superuser": false, "username": "test2", "first_name": "", "last_name": "", "email": "test2@gmail.com", "is_staff": false, "is_active": true, "date_joined": "2023-12-03T01:05:36.701Z", "groups": [], "user_permissions": []}}, {"model": "auth.user", "pk": 5, "fields": {"password": "pbkdf2_sha256$260000$gJ8vkF8GhKXZgLkAbVBDJV$P5Krh4EAflxAAjB+yHaz8W8/3uNNXVjgC6dO/MxvJzo=", "last_login": null, "is_superuser": false, "username": "test3", "first_name": "", "last_name": "", "email": "danka.nemergutova@gmail.com", "is_staff": false, "is_active": true, "date_joined": "2024-01-08T20:04:48.147Z", "groups": [], "user_permissions": []}}, {"model": "contenttypes.contenttype", "pk": 1, "fields": {"app_label": "admin", "model": "logentry"}}, {"model": "contenttypes.contenttype", "pk": 2, "fields": {"app_label": "auth", "model": "permission"}}, {"model": "contenttypes.contenttype", "pk": 3, "fields": {"app_label": "auth", "model": "group"}}, {"model": "contenttypes.contenttype", "pk": 4, "fields": {"app_label": "auth", "model": "user"}}, {"model": "contenttypes.contenttype", "pk": 5, "fields": {"app_label": "contenttypes", "model": "contenttype"}}, {"model": "contenttypes.contenttype", "pk": 6, "fields": {"app_label": "sessions", "model": "session"}}, {"model": "contenttypes.contenttype", "pk": 7, "fields": {"app_label": "sites", "model": "site"}}, {"model": "contenttypes.contenttype", "pk": 8, "fields": {"app_label": "account", "model": "emailaddress"}}, {"model": "contenttypes.contenttype", "pk": 9, "fields": {"app_label": "account", "model": "emailconfirmation"}}, {"model": "contenttypes.contenttype", "pk": 10, "fields": {"app_label": "socialaccount", "model": "socialaccount"}}, {"model": "contenttypes.contenttype", "pk": 11, "fields": {"app_label": "socialaccount", "model": "socialapp"}}, {"model": "contenttypes.contenttype", "pk": 12, "fields": {"app_label": "socialaccount", "model": "socialtoken"}}, {"model": "contenttypes.contenttype", "pk": 13, "fields": {"app_label": "products", "model": "category"}}, {"model": "contenttypes.contenttype", "pk": 14, "fields": {"app_label": "products", "model": "subcategory"}}, {"model": "contenttypes.contenttype", "pk": 15, "fields": {"app_label": "products", "model": "product"}}, {"model": "contenttypes.contenttype", "pk": 16, "fields": {"app_label": "checkout", "model": "order"}}, {"model": "contenttypes.contenttype", "pk": 17, "fields": {"app_label": "checkout", "model": "orderlineitem"}}, {"model": "contenttypes.contenttype", "pk": 18, "fields": {"app_label": "profiles", "model": "userprofile"}}, {"model": "contenttypes.contenttype", "pk": 19, "fields": {"app_label": "wishlist", "model": "wishlist"}}, {"model": "contenttypes.contenttype", "pk": 20, "fields": {"app_label": "reviews", "model": "review"}}, {"model": "sessions.session", "pk": "022kg7wz8ge2l1hh1j59hyalrvpw4hqv", "fields": {"session_data": "eyJiYWciOnsiNSI6NSwiNCI6NCwiMyI6MzB9fQ:1rMVnc:zr51BKDNHSsVRKOW7UQ3okWV6xKId_zLfWYM0W2k_js", "expire_date": "2024-01-21T16:14:56.172Z"}}, {"model": "sessions.session", "pk": "20pwhp2qwn8r92sboafbt4pldnnwkdl7", "fields": {"session_data": ".eJxVjEEOwiAURO_C2hCotIUu3XsGAvyPoAYMtInGeHch6UJXk7x5M2-izbYGvVUsOgJZiCCHX2aNu2HqBVxNumTqclpLtLQrdG8rPWfA-2l3_w6CqaGtByEdoB8RYXbeop0HAFBGHP1gYeTMTq7lpBqS6LhQXjIhJJeNeG76acVaY04an49YXmRhny_obkBG:1rFNOD:C_Bhp9Py2bX6NkJ_WzaFVkibj0EKIGNoUqlI03Hsa9c", "expire_date": "2024-01-01T23:51:13.858Z"}}, {"model": "sessions.session", "pk": "3twr7vhcf8mkwrw1akoi9w6y69xp33ow", "fields": {"session_data": ".eJxVjEEOwiAURO_C2hCotIUu3XsGAvyPoAYMtInGeHch6UJXk7x5M2-izbYGvVUsOgJZiCCHX2aNu2HqBVxNumTqclpLtLQrdG8rPWfA-2l3_w6CqaGtByEdoB8RYXbeop0HAFBGHP1gYeTMTq7lpBqS6LhQXjIhJJeNeG76acVaY04an49YXmRhny_obkBG:1rN0bo:f5K4HJYby1NRD0QbAULkdClUAHyxy_ZLlAM1-8H62bI", "expire_date": "2024-01-23T01:08:48.041Z"}}, {"model": "sessions.session", "pk": "43n93tcbhyyzpems14ro4k16dj51ra3o", "fields": {"session_data": "e30:1r9asy:clr1zKpqnv-whfL4HymDmz6ptsCPsjJV3wq8SfJrmOM", "expire_date": "2023-12-17T01:03:04.928Z"}}, {"model": "sessions.session", "pk": "5mr8d9iql6nqfktl2ru3e4pwpjnaf5pi", "fields": {"session_data": "e30:1r9YZW:k7MSmSI2VPEpIsmYw4w0IyBgpABFvjXKYwpP7rHwYFo", "expire_date": "2023-12-16T22:34:50.577Z"}}, {"model": "sessions.session", "pk": "5my0yw6xr5f09ihiplaewo1alr79r1rq", "fields": {"session_data": "e30:1r9YYI:GgQeniegC8wJxAiPAPQk40EkPrELvqrqKm5mE3XRr5A", "expire_date": "2023-12-16T22:33:34.778Z"}}, {"model": "sessions.session", "pk": "5vx1aaax3uhy74og1r42zp049x3687ze", "fields": {"session_data": ".eJxVjEEOwiAQRe_C2hCmZYbapXvPQIYyWtSAKW2iMd5dm3Sh2__efy_leZlHv1SZfIqqV43a_W6Bh6vkFcQL53PRQ8nzlIJeFb3Rqo8lyu2wuX-Bkev4fVukiHiCTiKLxQZbAbQd29aQoehkH7AjB8LOQWvABQAcgIQtkXNmjVapNZXs5XFP01P15v0BTBI9wQ:1rMUw0:o8cMMvAniiNM3VR_XH4_HjpfoLE6kyCKjSR2bLrPOp4", "expire_date": "2024-01-21T15:19:32.289Z"}}, {"model": "sessions.session", "pk": "6wsis4ej7xen1n2f6agi2q2f2y3oak8r", "fields": {"session_data": "eyJiYWciOnsiNCI6MX0sImFjY291bnRfdmVyaWZpZWRfZW1haWwiOm51bGwsImFjY291bnRfdXNlciI6IjIifQ:1r9YWE:uxtqHUEnP7PtTyzlskCC7R6_4-J7QG3XSRakdJbjmeo", "expire_date": "2023-12-16T22:31:26.793Z"}}, {"model": "sessions.session", "pk": "7i4cqp6h6r0vij2n63lkx0xr9ayyzqay", "fields": {"session_data": ".eJxVjEEOwiAURO_y1w0plba0S_eegQD_Y1EDBqjRGO8uTbrQ1SRv3swblF7LotZMSXmEGQQ0v8xoe6WwFXjR4RyZjaEkb9imsL3N7BSRbsfd_TtYdF7quhPSIrmeCEfrDJmxQ8RJi4PrDPa8NYOtOUwVSbJcTE62QkguK3Fcb6eZcvYxKHrefXrB3DaQ9YOUDy7CXNJKny9fsEZq:1rAHGS:LxVX0CczBxlPUsDE9a4-e5Di_0LXtp1ECqugiijv7b4", "expire_date": "2023-12-18T22:18:08.402Z"}}, {"model": "sessions.session", "pk": "84j67buytqlxoa0faisi69kmy11g21f4", "fields": {"session_data": ".eJxVjEEOwiAQRe_C2pBBhiIu3XuGZgYYqRpISrsy3l2bdKHb_977LzXSupRx7Xkep6TOyqjD78YUH7luIN2p3pqOrS7zxHpT9E67vraUn5fd_Tso1Mu3poFO4sSIt4HEA0DggA4Qj5CFoslkbYhIFtmLjcjA6CglSN5GGtT7A-hNOEg:1r2f8z:fy9sfpXIpPS_KQSrpW_uAeBgezFKTxChNlaJnaNVsWg", "expire_date": "2023-11-27T22:10:57.919Z"}}, {"model": "sessions.session", "pk": "8ihgti9oy9bba8kr6h4yc5apxq6elpge", "fields": {"session_data": ".eJxVjEEOgyAURO_y14aIRUWW3fcMBPgfpW2gEU3aGO9eTFy0q0nevJkNtFmXSa-ZZh0QFAiofpk17kHxKPBu4piYS3GZg2WHws42s1tCel5P9-9gMnkq60ZIh-RbIuydt2T7BhEHIy6-sdjy2nauZDcUJMlxMXhZCyG5LMRzc5xmyjmkqOn9CvMHVF2BNSOoDTgovu9fhHRD8g:1rHuKg:LJVpua9GR6AqzQyY4qRHDTVJzAmP31-Rz3s909RqweI", "expire_date": "2024-01-08T23:26:02.634Z"}}, {"model": "sessions.session", "pk": "bi5tmaz2y6ypsvyiejrmvyiyjrvxsfmn", "fields": {"session_data": ".eJxVjEEOwiAURO_y1w0plba0S_eegQD_Y1EDBqjRGO8uTbrQ1SRv3swblF7LotZMSXmEGQQ0v8xoe6WwFXjR4RyZjaEkb9imsL3N7BSRbsfd_TtYdF7quhPSIrmeCEfrDJmxQ8RJi4PrDPa8NYOtOUwVSbJcTE62QkguK3Fcb6eZcvYxKHrefXrB3DaQ9YOUDy7CXNJKny9fsEZq:1r9vAv:dZ7DovA4P8g1svPWLNVAcAMLANF-o_6I01bEh0bnwH8", "expire_date": "2023-12-17T22:42:57.912Z"}}, {"model": "sessions.session", "pk": "dq97el4r8gtc1guk9tekx2qcgjfbtll4", "fields": {"session_data": "eyJiYWciOnsiMiI6MX19:1rNKbg:taxz1BE5GanQ09uhIOMPsmmLOfNHPqDdDKUPF0uA3_U", "expire_date": "2024-01-23T22:30:00.353Z"}}, {"model": "sessions.session", "pk": "fic7mv369blql3kund31vo48f30wic1o", "fields": {"session_data": ".eJxVjEEOwiAURO_C2hCotIUu3XsGAvyPoAYMtInGeHch6UJXk7x5M2-izbYGvVUsOgJZiCCHX2aNu2HqBVxNumTqclpLtLQrdG8rPWfA-2l3_w6CqaGtByEdoB8RYXbeop0HAFBGHP1gYeTMTq7lpBqS6LhQXjIhJJeNeG76acVaY04an49YXmRhny_obkBG:1rErZ0:Gd9xORDGSxVUmjKRvF6r00oTO3jmKV3q8OUd2FjEkIE", "expire_date": "2023-12-31T13:52:14.792Z"}}, {"model": "sessions.session", "pk": "gc4b1nyvunpq0iu7ydfuhgx6s8r9pfqm", "fields": {"session_data": "e30:1r9Yfo:TaW0hJx0bUt8ZFTCFedIb-iB86HAc5SKJSGD4sfGEiU", "expire_date": "2023-12-16T22:41:20.858Z"}}, {"model": "sessions.session", "pk": "hrs80f9vgn10hdc5iw80bpz7np9g08z6", "fields": {"session_data": ".eJxVjEEOgyAURO_y14aIoiLL7nsGAvyP0jbQiCZtjHcvJt24muTNm9lBZ8o5pKjp8w7LF1RdgTbbOust06IDggIBF2aNe1I8C3yYOCXmUlyXYNmpsH-b2T0hvW5_93IwmzyXdSOkQ_IdEQ7OW7JDg4ijEa1vLHa8tr0r2Y8FSXJcjF7WQkguC_HclFNrJlA7cFC8ghZUexw_hd9FAg:1rMbti:KTp2Y1zYu3-aFyDKh14eryyczoYH4i_uY-t9L8jOPeM", "expire_date": "2024-01-21T22:45:38.656Z"}}, {"model": "sessions.session", "pk": "kjmeb3m7l5ls4mqc5dvlcsn1cg74uytf", "fields": {"session_data": "e30:1r9YWX:xNpEBMM-n_Y6IbKjTeMZecg00gDdCqLsTxlai6goGB0", "expire_date": "2023-12-16T22:31:45.428Z"}}, {"model": "sessions.session", "pk": "kxi9qru89ims92igke9oj5s3qws8bz8z", "fields": {"session_data": ".eJxVjkEOgyAURO_CuiEQPiIsu-8ZyOcDYttoIroy3l1MXLTbeTMvszOP21r8VtPix8gcU-zxmwWkT5ouEN84DTOneVqXMfCrwm9a-WuO6fu8u3-CgrW0dbA5BSsUCquzEqSkNQIgW6JO9lLLDogSpoBaozIqGisa0NEAQC-gSQMOzO3toIPjOAH2aDrH:1rNtEO:LR3YqWcZKZuQg-aQPrV6dpf3CsYbwLZmrUErEGLUjZg", "expire_date": "2024-01-25T11:28:16.504Z"}}, {"model": "sessions.session", "pk": "p8dnfb83kyul8tyarljspycf1h3x0yem", "fields": {"session_data": ".eJxVjEEOwiAURO_y14ZApS3t0r1nIMD_CGrAQJtojHeXJt10NcmbN_MFXanWmJOm9yuWD8z8BNqsS9BrpaIjwgwSDswa96C0FXg36ZaZy2kp0bJNYXtb2TUjPS-7ezgIpoa27qRySL4nwtF5S3bsEHEy8uw7i73gdnAth6khRU7IySsupRKqES8M_P5ST0BG:1rEwi4:TbW0H5zj1O5ivY3l8b6nrINMjPLjO0IRge0mDTDdv6g", "expire_date": "2023-12-31T19:21:56.147Z"}}, {"model": "sessions.session", "pk": "tbaugvxcn0guorpf4grtaovn8d83ey53", "fields": {"session_data": "eyJfc2Vzc2lvbl9leHBpcnkiOjB9:1r9Ycx:3t49o13EcCCCCs4wkIJ0KQCygYhxJEqLUQRzae_MkWU", "expire_date": "2023-12-16T22:38:23.405Z"}}, {"model": "sessions.session", "pk": "tq1xgerpk7x12iu4r9cvhdcplohf0zzg", "fields": {"session_data": "e30:1r9YX7:KiqXenjVac3f1Vs86VesPTRR5SveIyKA-yr4adbp3a8", "expire_date": "2023-12-16T22:32:21.208Z"}}, {"model": "sessions.session", "pk": "uzpn8mn6y90vn4t640lm8qs0zq3gc2lh", "fields": {"session_data": "e30:1rMUys:4pEyrFwjIR5YNV_cNUnf7Y6nO-LxZVP-WcE8E3Rj194", "expire_date": "2024-01-21T15:22:30.095Z"}}, {"model": "sessions.session", "pk": "wfchsus8ebq1gli7n7w8u8ozswf5eubg", "fields": {"session_data": ".eJxVjsEOgjAQRP-lZ9J0pdtij979hmZLV6iaYigkGsK_CwkHvc6beZlFeJqn3s-FR5-icOIkqt8sUPvgvIN4p9wNsh3yNKYg94o8aJHXIfLzcnT_BD2VfltrNBHxBg1HYo0nrBlQN6RrZZSJls8BG2OByVqoFdgAgC0YJm2MtWqXFi4lDdnz-5XGj3CqEoE64ZbttIN1_QLEyUFu:1rJN99:vMbWPAYYizfEBPhLqQ4aO_LIJfpJwWlRvs2hunY96No", "expire_date": "2024-01-13T00:24:11.452Z"}}, {"model": "sites.site", "pk": 1, "fields": {"domain": "example.com", "name": "example.com"}}, {"model": "account.emailaddress", "pk": 1, "fields": {"user": 2, "email": "test1@gmail.com", "verified": true, "primary": true}}, {"model": "account.emailaddress", "pk": 2, "fields": {"user": 4, "email": "test2@gmail.com", "verified": true, "primary": true}}, {"model": "account.emailaddress", "pk": 3, "fields": {"user": 3, "email": "veronika.nemergutova@yahoo.com", "verified": false, "primary": false}}, {"model": "account.emailaddress", "pk": 4, "fields": {"user": 5, "email": "danka.nemergutova@gmail.com", "verified": false, "primary": true}}, {"model": "products.category", "pk": 1, "fields": {"name": "herbal_remedies", "friendly_name": "Herbal Remedies"}}, {"model": "products.category", "pk": 2, "fields": {"name": "aromatherapy", "friendly_name": "Aromatherapy"}}, {"model": "products.category", "pk": 3, "fields": {"name": "skin_care", "friendly_name": "Skin care"}}, {"model": "products.subcategory", "pk": 1, "fields": {"name": "immunity_boosters", "friendly_name": "Immunity boosters", "category": 1}}, {"model": "products.subcategory", "pk": 2, "fields": {"name": "anti-inflammatory", "friendly_name": "Anti-inflammatory", "category": 1}}, {"model": "products.subcategory", "pk": 3, "fields": {"name": "inner_comfort_enhancers", "friendly_name": "Inner Comfort Enhancers", "category": 1}}, {"model": "products.subcategory", "pk": 4, "fields": {"name": "Memory and concentration boosters", "friendly_name": "Memory & Concentration Boosters", "category": 1}}, {"model": "products.subcategory", "pk": 5, "fields": {"name": "essential_oils", "friendly_name": "Essential oils", "category": 2}}, {"model": "products.subcategory", "pk": 6, "fields": {"name": "candles", "friendly_name": "Candles", "category": 2}}, {"model": "products.subcategory", "pk": 7, "fields": {"name": "dry_skin", "friendly_name": "Dry Skin", "category": 3}}, {"model": "products.subcategory", "pk": 8, "fields": {"name": "oily_skin", "friendly_name": "Oily Skin", "category": 3}}, {"model": "products.subcategory", "pk": 9, "fields": {"name": "mixed skin", "friendly_name": "Mixed skin", "category": 3}}, {"model": "products.subcategory", "pk": 10, "fields": {"name": "sensitive_skin", "friendly_name": "Sensitive Skin", "category": 3}}, {"model": "products.product", "pk": 1, "fields": {"name": "immuno_guard_cream", "friendly_name": "Immuno Guard Cream", "category": 1, "subcategory": 1, "sku": "3A4V5O6C7A8", "size": "120ml", "description": "Nourish your skin and boost your immune system with our Immuno Guard Cream, a powerful blend of natural ingredients.", "healing_properties": "Strengthens the skin barrier, supports immune function, and promotes overall well-being.", "herbal_ingredients": "Echinacea, Calendula, Aloe Vera", "vitamins_minerals": "Vitamin E, Vitamin C", "full_ingredients": "Echinacea Extract, Calendula Oil, Aloe Vera Gel, Vitamin E, Vitamin C", "price": "45.00", "image_url": "", "image": "", "in_stock": true, "featured": true}}, {"model": "products.product", "pk": 2, "fields": {"name": "herbal_immunity_revitalizing_cream", "friendly_name": "Herbal Immunity Revitalizing Cream", "category": 1, "subcategory": 1, "sku": "3C4R5E6A7M8Y9", "size": "250ml", "description": "Revitalize your skin and enhance your immunity with our Herbal Immunity Revitalizing Cream, a natural and effective solution.", "healing_properties": "Energizes the skin, boosts immune response, and provides a refreshing feel.", "herbal_ingredients": "Rosehip, Ginseng, Chamomile", "vitamins_minerals": "Vitamin A, Vitamin D", "full_ingredients": "Rosehip Oil, Ginseng Extract, Chamomile Extract, Vitamin A, Vitamin D", "price": "38.00", "image_url": "", "image": "", "in_stock": true, "featured": true}}, {"model": "products.product", "pk": 3, "fields": {"name": "immune_support_capsules", "friendly_name": "Immune Support Capsules", "category": 1, "subcategory": 1, "sku": "3G4I5N6S7E8N9G0", "size": "60 capsules", "description": "Boost your immune system with our Immune Support Capsules, a potent blend of natural ingredients for optimal health.", "healing_properties": "Enhances immune function, supports overall well-being, and provides antioxidant protection.", "herbal_ingredients": "Ashwagandha, Elderberr, Turmeric", "vitamins_minerals": "Vitamin C, Zinc", "full_ingredients": "Ashwagandha Extract, Elderberry Extract, Turmeric Extract, Vitamin C, Zinc", "price": "32.00", "image_url": "", "image": "", "in_stock": true, "featured": true}}, {"model": "products.product", "pk": 4, "fields": {"name": "herbal_defense_complex_capsules", "friendly_name": "Herbal Defense Complex Capsules", "category": 1, "subcategory": 1, "sku": "3C4A5P6S7U8L9E0S1", "size": "30 capsules", "description": "Fortify your immune system with our Herbal Defense Complex Capsules, a natural shield against environmental stressors.", "healing_properties": "Strengthens immune defenses, supports respiratory health, and promotes overall vitality.", "herbal_ingredients": "Echinacea, Reishi Mushroom, Propolis", "vitamins_minerals": "Vitamin D, Selenium", "full_ingredients": "Echinacea Extract, Reishi Mushroom Extract, Propolis Extract, Vitamin D, Selenium", "price": "48.00", "image_url": "", "image": "", "in_stock": true, "featured": true}}, {"model": "products.product", "pk": 5, "fields": {"name": "elderberry_defense_syrup", "friendly_name": "Elderberry Defense Syrup", "category": 1, "subcategory": 1, "sku": "3B4L5U6E7B8E9R0R1Y2", "size": "120ml", "description": "Reinforce your immune system with our Elderberry Defense Syrup, a delicious and natural way to stay healthy.", "healing_properties": "Provides immune support, reduces oxidative stress, and enhances overall wellness.", "herbal_ingredients": "Elderberry, Rosehip, Honey", "vitamins_minerals": "Vitamin C, Zinc", "full_ingredients": "Elderberry Extract, Rosehip Extract, Honey, Vitamin C, Zinc", "price": "26.00", "image_url": "", "image": "", "in_stock": true, "featured": true}}, {"model": "products.product", "pk": 6, "fields": {"name": "immuno_guard_cream", "friendly_name": "Immuno Guard Cream", "category": 1, "subcategory": 1, "sku": "3A4V5O6C7A8D9O0", "size": "250ml", "description": "Nourish your skin and boost your immune system with our Immuno Guard Cream, a powerful blend of natural ingredients.", "healing_properties": "Strengthens the skin barrier, supports immune function, and promotes overall well-being.", "herbal_ingredients": "Echinacea, Calendula, Aloe Vera", "vitamins_minerals": "Vitamin E, Vitamin C", "full_ingredients": "Echinacea Extract, Calendula Oil, Aloe Vera Gel, Vitamin E, Vitamin C", "price": "45.00", "image_url": "", "image": "", "in_stock": true, "featured": true}}, {"model": "products.product", "pk": 7, "fields": {"name": "herbal_immunity_revitalizing_cream", "friendly_name": "Herbal Immunity Revitalizing Cream", "category": 1, "subcategory": 1, "sku": "3C4R5E6A7M8Y9", "size": "120ml", "description": "Revitalize your skin and enhance your immunity with our Herbal Immunity Revitalizing Cream, a natural and effective solution.", "healing_properties": "Energizes the skin, boosts immune response, and provides a refreshing feel.", "herbal_ingredients": "Rosehip, Ginseng, Chamomile", "vitamins_minerals": "Vitamin A, Vitamin D", "full_ingredients": "Rosehip Oil, Ginseng Extract, Chamomile Extract, Vitamin A, Vitamin D", "price": "38.00", "image_url": "", "image": "", "in_stock": true, "featured": true}}, {"model": "products.product", "pk": 8, "fields": {"name": "immune_booster_skin_renewal_cream", "friendly_name": "Immune Booster Skin Renewal Cream", "category": 1, "subcategory": 1, "sku": "3R4E5N6E7W8A9L0", "size": "120ml", "description": "Renew and fortify your skin with our Immune Booster Skin Renewal Cream, a natural solution for a healthy complexion.", "healing_properties": "Supports skin renewal, boosts immune defenses, and enhances overall skin health.", "herbal_ingredients": "Spirulina, Kale, Green Tea", "vitamins_minerals": "Vitamin B, Vitamin E", "full_ingredients": "Spirulina Extract, Kale Extract, Green Tea Extract, Vitamin B, Vitamin E", "price": "42.00", "image_url": "", "image": "", "in_stock": true, "featured": true}}, {"model": "products.product", "pk": 9, "fields": {"name": "herbal_immunity_nourishing_cream", "friendly_name": "Herbal Immunity Nourishing Cream", "category": 1, "subcategory": 1, "sku": "3C4R5E6A7M8Y9", "size": "250ml", "description": "Nourish your skin and boost your immune system with our Herbal Immunity Nourishing Cream, a luxurious blend of natural ingredients.", "healing_properties": "Hydrates and nourishes the skin, supports immune function, and promotes overall well-being.", "herbal_ingredients": "Nettle, Olive Leaf, Gotu Kola", "vitamins_minerals": "Vitamin C, Zinc", "full_ingredients": "Nettle Extract, Olive Leaf Extract, Gotu Kola Extract, Vitamin C, Zinc", "price": "36.00", "image_url": "", "image": "", "in_stock": true, "featured": true}}, {"model": "products.product", "pk": 10, "fields": {"name": "arnica_chamomile_cooling_relief_cream", "friendly_name": "Arnica Chamomile Cooling Relief Cream", "category": 1, "subcategory": 2, "sku": "3R4E5L6I7E8F9", "size": "120ml", "description": "Experience the soothing power of arnica and chamomile with our Cooling Relief Cream, crafted to ease inflammation and promote skin health.", "healing_properties": "Reduces inflammation, relieves discomfort, and supports skin recovery.", "herbal_ingredients": "Arnica, Chamomile", "vitamins_minerals": "Vitamin E, Zinc", "full_ingredients": "Arnica Extract, Chamomile Extract, Vitamin E, Zinc", "price": "28.00", "image_url": "", "image": "", "in_stock": true, "featured": true}}, {"model": "products.product", "pk": 11, "fields": {"name": "turmeric_aloe_skin_soothing_cream", "friendly_name": "Turmeric Aloe Skin Soothing Cream", "category": 1, "subcategory": 2, "sku": "3S4O5O6T7H8E9R0S1", "size": "250ml", "description": "Embrace the natural healing of turmeric and aloe vera with our Skin Soothing Cream, designed to soothe inflammation and promote skin well-being.", "healing_properties": "Reduces inflammation, calms irritated skin, and enhances skin nourishment.", "herbal_ingredients": "Turmeric, Aloe Vera", "vitamins_minerals": "Vitamin A, Vitamin C", "full_ingredients": "Turmeric Extract, Aloe Vera Gel, Vitamin A, Vitamin C", "price": "35.00", "image_url": "", "image": "", "in_stock": true, "featured": true}}, {"model": "products.product", "pk": 12, "fields": {"name": "chamomile_lavender_gentle_skin_relief", "friendly_name": "Chamomile Lavender Gentle Skin Relief", "category": 1, "subcategory": 2, "sku": "3S4K5I6N7", "size": "120ml", "description": "Harness the power of chamomile and lavender with our Gentle Skin Relief Cream, a soothing solution for inflammation and skin health.", "healing_properties": "Reduces inflammation, soothes sensitive skin, and supports skin recovery.", "herbal_ingredients": "Chamomile, Lavender", "vitamins_minerals": "Vitamin E, Zinc", "full_ingredients": "Chamomile Extract, Lavender Essential Oil, Vitamin E, Zinc", "price": "32.00", "image_url": "", "image": "", "in_stock": true, "featured": true}}, {"model": "products.product", "pk": 13, "fields": {"name": "ginger_peppermint_cooling_balm", "friendly_name": "Ginger Peppermint Cooling Balm", "category": 1, "subcategory": 2, "sku": "G7N8G93B4A5L6", "size": "250ml", "description": "Experience the cooling sensation of ginger and peppermint with our Cooling Balm, providing relief for sore muscles and inflammation.", "healing_properties": "Reduces inflammation, soothes muscle discomfort, and invigorates the senses.", "herbal_ingredients": "Ginger, Peppermint", "vitamins_minerals": "Vitamin A, Vitamin E", "full_ingredients": "Ginger Extract, Peppermint Essential Oil, Vitamin A, Vitamin E", "price": "40.00", "image_url": "", "image": "", "in_stock": true, "featured": true}}, {"model": "products.product", "pk": 14, "fields": {"name": "rosemary_eucalyptus_muscle_relief_cream", "friendly_name": "Rosemary Eucalyptus Muscle Relief Cream", "category": 1, "subcategory": 2, "sku": "L7E83C4R5E6A7M8", "size": "120ml", "description": "Unwind and reduce inflammation with our Muscle Relief Cream, a soothing blend for muscle tension and overall relaxation.", "healing_properties": "Reduces inflammation, relieves muscle tension, and promotes a sense of calm.", "herbal_ingredients": "Rosemary, Eucalyptus", "vitamins_minerals": "Vitamin E, Zinc", "full_ingredients": "Rosemary Essential Oil, Eucalyptus Essential Oil, Vitamin E, Zinc", "price": "30.00", "image_url": "", "image": "", "in_stock": true, "featured": true}}, {"model": "products.product", "pk": 15, "fields": {"name": "lemongrass_mint_energizing_cream", "friendly_name": "Lemongrass Mint Energizing Cream", "category": 1, "subcategory": 2, "sku": "G93B4A5L6M7", "size": "250ml", "description": "Feel energized with our Lemongrass Mint Energizing Cream, a revitalizing solution for reducing inflammation and promoting skin well-being.", "healing_properties": "Reduces inflammation, invigorates the senses, and supports skin recovery.", "herbal_ingredients": "Lemongrass, Mint", "vitamins_minerals": "Vitamin A, Vitamin C", "full_ingredients": "Lemongrass Extract, Peppermint Essential Oil, Vitamin A, Vitamin C", "price": "38.00", "image_url": "", "image": "", "in_stock": true, "featured": true}}, {"model": "products.product", "pk": 17, "fields": {"name": "lavender_rose_anti_stress_cream", "friendly_name": "Lavender Rose Anti-Stress Cream", "category": 1, "subcategory": 2, "sku": "S1S23C4R5E6A7M8", "size": "120ml", "description": "Indulge in stress relief with our Anti-Stress Cream, combining the calming properties of lavender and rose for inflammation and relaxation.", "healing_properties": "Reduces inflammation, eases stress, and promotes overall well-being.", "herbal_ingredients": "Lavender, Rose", "vitamins_minerals": "Vitamin E, Zinc", "full_ingredients": "Lavender Essential Oil, Rose Essential Oil, Vitamin E, Zinc", "price": "33.00", "image_url": "", "image": "", "in_stock": true, "featured": true}}, {"model": "products.product", "pk": 18, "fields": {"name": "orange_ginger_skin_revitalizing_cream", "friendly_name": "Orange Ginger Skin Revitalizing Cream", "category": 1, "subcategory": 2, "sku": "8A9L0I1Z2I3N4G5", "size": "250ml", "description": "Revitalize your skin with our Skin Revitalizing Cream, featuring the refreshing blend of orange and ginger for inflammation and skin well-being.", "healing_properties": "Reduces inflammation, revitalizes the skin, and enhances skin nourishment.", "herbal_ingredients": "Orange, Ginger", "vitamins_minerals": "Vitamin A, Vitamin C", "full_ingredients": "Orange Extract, Ginger Extract, Vitamin A, Vitamin C", "price": "36.00", "image_url": "", "image": "", "in_stock": true, "featured": true}}, {"model": "products.product", "pk": 19, "fields": {"name": "vanilla_cocoa_butter_skin_nourishing_cream", "friendly_name": "Vanilla Cocoa Butter Skin Nourishing Cream", "category": 1, "subcategory": 2, "sku": "E7R83S4K5I6N7", "size": "120ml", "description": "Nourish your skin with our Skin Nourishing Cream, a luxurious blend of vanilla and cocoa butter to combat inflammation and promote skin health.", "healing_properties": "Reduces inflammation, deeply nourishes the skin, and supports skin recovery.", "herbal_ingredients": "Vanilla, Cocoa Butter", "vitamins_minerals": "Vitamin E, Zinc", "full_ingredients": "Vanilla Extract, Cocoa Butter, Vitamin E, Zinc", "price": "34.00", "image_url": "", "image": "", "in_stock": true, "featured": true}}, {"model": "products.product", "pk": 20, "fields": {"name": "coconut_jasmine_skin_renewal_cream", "friendly_name": "Coconut Jasmine Skin Renewal Cream", "category": 1, "subcategory": 2, "sku": "4E5N6E7W8A9L0", "size": "250ml", "description": "Renew your skin with our Skin Renewal Cream, a rejuvenating blend of coconut and jasmine for inflammation and skin well-being.", "healing_properties": "Reduces inflammation, renews and revitalizes the skin, and supports skin recovery.", "herbal_ingredients": "Coconut, Jasmine", "vitamins_minerals": "Vitamin A, Vitamin C", "full_ingredients": "Coconut Oil, Jasmine Extract, Vitamin A, Vitamin C", "price": "39.00", "image_url": "", "image": "", "in_stock": true, "featured": true}}, {"model": "products.product", "pk": 21, "fields": {"name": "rosemary_harmony_cream", "friendly_name": "Rosemary Harmony Cream", "category": 1, "subcategory": 3, "sku": "C5D6E7F8G9H", "size": "120ml", "description": "Experience the balancing properties of rosemary with our Harmony Cream, specially formulated to bring serenity and balance to your mind and body.", "healing_properties": "Stress relief, mental clarity, balance", "herbal_ingredients": "Rosemary, holy basil, ashwagandha", "vitamins_minerals": "Vitamin A, potassium", "full_ingredients": "Aqua, olive oil, rosemary extract, holy basil extract, ashwagandha extract, vitamin A, potassium", "price": "28.00", "image_url": "", "image": "", "in_stock": true, "featured": true}}, {"model": "products.product", "pk": 23, "fields": {"name": "jasmine_serenity_cream", "friendly_name": "Jasmine Serenity Cream", "category": 1, "subcategory": 3, "sku": "D6E7F8G9H0I", "size": "250ml", "description": "Elevate your senses with the calming aroma of jasmine in our Serenity Cream, designed to promote relaxation and inner peace.", "healing_properties": "Stress reduction, mood enhancement, tranquility", "herbal_ingredients": "Jasmine, lavender, bergamot", "vitamins_minerals": "Vitamin D, magnesium", "full_ingredients": "Aqua, shea butter, jasmine oil, lavender extract, bergamot extract, vitamin D, magnesium", "price": "42.00", "image_url": "", "image": "", "in_stock": true, "featured": true}}, {"model": "products.product", "pk": 24, "fields": {"name": "peppermint_refresh_cream", "friendly_name": "Peppermint Refresh Cream", "category": 1, "subcategory": 3, "sku": "E7F8G9H0I1J", "size": "120ml", "description": "Invigorate your senses with our Peppermint Refresh Cream, crafted to provide a burst of energy and relief from stress and tension.", "healing_properties": "Stress relief, energy boost, mental clarity", "herbal_ingredients": "Peppermint, eucalyptus, lemon verbena", "vitamins_minerals": "Vitamin B6, iron", "full_ingredients": "Aqua, almond oil, peppermint extract, eucalyptus extract, lemon verbena extract, vitamin B6, iron", "price": "35.00", "image_url": "", "image": "", "in_stock": true, "featured": true}}, {"model": "products.product", "pk": 25, "fields": {"name": "vanilla_calmness_cream", "friendly_name": "Vanilla Calmness Cream", "category": 1, "subcategory": 3, "sku": "F8G9H0I1J2K", "size": "250ml", "description": "Embrace tranquility with the warm and soothing scent of vanilla in our Calmness Cream, perfect for unwinding after a long day.", "healing_properties": "Stress reduction, relaxation, emotional balance", "herbal_ingredients": "Vanilla, lavender, chamomile", "vitamins_minerals": "Vitamin E, zinc", "full_ingredients": "Aqua, shea butter, vanilla extract, lavender extract, chamomile extract, vitamin E, zinc", "price": "45.00", "image_url": "", "image": "", "in_stock": true, "featured": true}}, {"model": "products.product", "pk": 26, "fields": {"name": "lemongrass_relaxation_cream", "friendly_name": "Lemongrass Relaxation Cream", "category": 1, "subcategory": 3, "sku": "G9H0I1J2K3L", "size": "120ml", "description": "Immerse yourself in the calming essence of lemongrass with our Relaxation Cream, crafted to alleviate stress and promote a sense of tranquility.", "healing_properties": "Stress relief, relaxation, mood enhancement", "herbal_ingredients": "Lemongrass, bergamot, lavender", "vitamins_minerals": "Vitamin C, magnesium", "full_ingredients": "Aqua, coconut oil, lemongrass extract, bergamot extract, lavender extract, vitamin C, magnesium", "price": "38.00", "image_url": "", "image": "", "in_stock": true, "featured": true}}, {"model": "products.product", "pk": 27, "fields": {"name": "cedarwood_serenity_cream", "friendly_name": "Cedarwood Serenity Cream", "category": 1, "subcategory": 3, "sku": "H0I1J2K3L4M", "size": "250ml", "description": "Experience the grounding effect of cedarwood with our Serenity Cream, designed to bring peace and harmony to your daily routine.", "healing_properties": "Stress reduction, mental clarity, grounding", "herbal_ingredients": "Cedarwood, frankincense, myrrh", "vitamins_minerals": "Vitamin D, potassium", "full_ingredients": "Aqua, shea butter, cedarwood oil, frankincense extract, myrrh extract, vitamin D, potassium", "price": "32.00", "image_url": "", "image": "", "in_stock": true, "featured": true}}, {"model": "products.product", "pk": 28, "fields": {"name": "omega_3_fish_oil_softgels", "friendly_name": "Omega-3 Fish Oil Softgels", "category": 1, "subcategory": 2, "sku": "O4M5E6G7A8", "size": "60 capsules", "description": "Support heart and joint health with our Omega-3 Fish Oil Softgels, rich in anti-inflammatory fatty acids.", "healing_properties": "Reduces inflammation, supports cardiovascular health, and promotes joint flexibility.", "herbal_ingredients": "None", "vitamins_minerals": "Omega-3 Fatty Acids", "full_ingredients": "Fish Oil (Omega-3 Fatty Acids), Gelatin Capsule", "price": "50.00", "image_url": "", "image": "", "in_stock": true, "featured": false}}, {"model": "products.product", "pk": 29, "fields": {"name": "arnica_cooling_gel", "friendly_name": "Arnica Cooling Gel", "category": 1, "subcategory": 2, "sku": "C8O9O0L1I2N3G4", "size": "", "description": "Relieve inflammation and muscle soreness with our Arnica Cooling Gel, a natural remedy for external relief.", "healing_properties": "Reduces inflammation, soothes muscle discomfort, and promotes faster recovery.", "herbal_ingredients": "Arnica", "vitamins_minerals": "None", "full_ingredients": "Arnica Extract, Menthol, Aloe Vera Gel", "price": "31.00", "image_url": "", "image": "", "in_stock": true, "featured": true}}, {"model": "products.product", "pk": 30, "fields": {"name": "lavender_nourishing_cream", "friendly_name": "Lavender Nourishing Cream", "category": 3, "subcategory": 6, "sku": "AB3CDEFG456", "size": "120ml", "description": "Indulge your skin with the soothing properties of lavender. This nourishing cream is designed to hydrate and replenish dry skin, leaving it feeling soft and revitalized.", "healing_properties": "Moisturizing, soothing, and rejuvenating for dry skin", "herbal_ingredients": "Lavender extract, chamomile oil, calendula extract", "vitamins_minerals": "Vitamin E, Vitamin C", "full_ingredients": "Aqua, Lavandula angustifolia extract, Chamomilla recutita oil, Calendula officinalis extract, Tocopherol, Ascorbic acid", "price": "35.99", "image_url": "", "image": "", "in_stock": true, "featured": true}}, {"model": "products.product", "pk": 31, "fields": {"name": "aloe_vera_hydrating_gel", "friendly_name": "Aloe Vera Hydrating Gel", "category": 3, "subcategory": 6, "sku": "H1JKLMN0PQR", "size": "250ml", "description": "Experience the cooling and moisturizing effects of aloe vera with this hydrating gel. Perfect for dry skin, it helps soothe irritation and promotes a healthy complexion.", "healing_properties": "Hydrating, cooling, and soothing for dry and irritated skin", "herbal_ingredients": "Aloe vera gel, cucumber extract, green tea extract", "vitamins_minerals": "Vitamin A, Vitamin C", "full_ingredients": "Aloe barbadensis leaf gel, Cucumis sativus extract, Camellia sinensis leaf extract, Retinol, Ascorbic acid", "price": "29.99", "image_url": "", "image": "", "in_stock": true, "featured": true}}, {"model": "products.product", "pk": 32, "fields": {"name": "rosehip_revitalizing_cream", "friendly_name": "Rosehip Revitalizing Cream", "category": 3, "subcategory": 6, "sku": "IJKL456MNO78", "size": "120ml", "description": "Rejuvenate your skin with the power of rosehip. This revitalizing cream deeply moisturizes and promotes a youthful glow, making it an ideal choice for dry skin.", "healing_properties": "Hydrating, anti-aging, and revitalizing for dry and dull skin", "herbal_ingredients": "Rosehip oil, jojoba oil, shea butter", "vitamins_minerals": "Vitamin C, Vitamin E", "full_ingredients": "Rosa canina oil, Simmondsia chinensis oil, Butyrospermum parkii butter, Tocopherol, Ascorbic acid", "price": "42.50", "image_url": "", "image": "", "in_stock": true, "featured": false}}, {"model": "products.product", "pk": 33, "fields": {"name": "calendula_soothing_balm", "friendly_name": "Calendula Soothing Balm", "category": 3, "subcategory": 6, "sku": "WXYZ2345678", "size": "250ml", "description": "Gently calm and soothe irritated skin with the healing properties of calendula. This soothing balm provides relief to dry and sensitive skin, leaving it soft and nourished.", "healing_properties": "Soothing, anti-inflammatory, and calming for dry and sensitive skin", "herbal_ingredients": "Calendula extract, chamomile oil, coconut oil", "vitamins_minerals": "Vitamin A, Vitamin D", "full_ingredients": "Calendula officinalis extract, Matricaria chamomilla oil, Cocos nucifera oil, Retinyl palmitate, Cholecalciferol", "price": "28.75", "image_url": "", "image": "", "in_stock": true, "featured": true}}, {"model": "products.product", "pk": 34, "fields": {"name": "shea_butter_night_cream", "friendly_name": "Shea Butter Night Cream", "category": 3, "subcategory": 6, "sku": "12345ABCDE6", "size": "120ml", "description": "Nourish your skin overnight with the richness of shea butter. This night cream deeply hydrates and repairs dry skin, promoting a smooth and supple complexion.", "healing_properties": "Intense hydration, repairing, and rejuvenating for dry and damaged skin", "herbal_ingredients": "Shea butter, almond oil, lavender extract", "vitamins_minerals": "Vitamin E, Vitamin B5", "full_ingredients": "Butyrospermum parkii butter, Prunus amygdalus dulcis oil, Lavandula angustifolia extract, Tocopherol, Panthenol", "price": "38.99", "image_url": "", "image": "", "in_stock": true, "featured": false}}, {"model": "products.product", "pk": 35, "fields": {"name": "coconut_vanilla_body_butter", "friendly_name": "Coconut Vanilla Body Butter", "category": 3, "subcategory": 6, "sku": "UVWXYZ987610", "size": "250ml", "description": "Indulge in the tropical blend of coconut and vanilla. This luxurious body butter deeply moisturizes and leaves your skin feeling velvety smooth, especially beneficial for dry skin.", "healing_properties": "Hydrating, fragrant, and skin-softening for dry and rough skin", "herbal_ingredients": "Coconut oil, vanilla extract, shea butter", "vitamins_minerals": "Vitamin E, Vitamin K", "full_ingredients": "Cocos nucifera oil, Vanilla planifolia extract, Butyrospermum parkii butter, Tocopherol, Phytonadione", "price": "45.25", "image_url": "", "image": "", "in_stock": true, "featured": false}}, {"model": "products.product", "pk": 36, "fields": {"name": "neem_oil_clear_skin_cream", "friendly_name": "Neem Oil Clear Skin Cream", "category": 3, "subcategory": 7, "sku": "AB12CD34EF5", "size": "120ml", "description": "Neem Oil Clear Skin Cream is a natural solution for oily skin, designed to effectively control excess oil, reduce breakouts, and promote clear and healthy skin. Infused with the power of neem oil, it soothes and balances the skin, leaving it refreshed and revitalized.", "healing_properties": "Oil control, Acne-fighting, Soothing", "herbal_ingredients": "Neem Oil, Tea Tree Extract, Aloe Vera", "vitamins_minerals": "Vitamin E, Vitamin C, Zinc", "full_ingredients": "Aqua, Neem Oil, Tea Tree Extract, Aloe Vera Gel, Glycerin, etc.", "price": "38.99", "image_url": "", "image": "", "in_stock": true, "featured": true}}, {"model": "products.product", "pk": 37, "fields": {"name": "lavender_balancing_mattifying_cream", "friendly_name": "Lavender Balancing Mattifying Cream", "category": 3, "subcategory": 7, "sku": "GH67IJ89KL0", "size": "250ml", "description": "Lavender Balancing Mattifying Cream is a lightweight formula that controls excess oil, giving your skin a matte finish. Infused with lavender extract, it soothes and balances, leaving your skin feeling fresh and looking radiant.", "healing_properties": "Mattifying, Balancing, Calming", "herbal_ingredients": "Lavender Extract, Chamomile, Green Tea", "vitamins_minerals": "Vitamin B3, Vitamin A, Selenium", "full_ingredients": "Aqua, Lavender Extract, Chamomile Oil, Green Tea Extract, etc.", "price": "42.50", "image_url": "", "image": "", "in_stock": true, "featured": true}}, {"model": "products.product", "pk": 38, "fields": {"name": "lemongrass_pore_refining_cream", "friendly_name": "Lemongrass Pore Refining Cream", "category": 3, "subcategory": 7, "sku": "MN12OP34QR5", "size": "120ml", "description": "Lemongrass Pore Refining Cream is specially formulated to minimize pores and control excess oil production. Enriched with lemongrass extract, it provides a refreshing and invigorating experience, leaving your skin refined and revitalized.", "healing_properties": "Pore refining, Oil control, Invigorating", "herbal_ingredients": "Lemongrass Extract, Witch Hazel, Calendula", "vitamins_minerals": "Vitamin E, Vitamin B5, Zinc", "full_ingredients": "Aqua, Lemongrass Extract, Witch Hazel Extract, Calendula Oil, etc.", "price": "31.75", "image_url": "", "image": "", "in_stock": true, "featured": true}}, {"model": "products.product", "pk": 39, "fields": {"name": "tea_tree_blemish_control_gel", "friendly_name": "Tea Tree Blemish Control Gel", "category": 3, "subcategory": 7, "sku": "ST56UV78WX9", "size": "250ml", "description": "Tea Tree Blemish Control Gel is a targeted solution for blemish-prone oily skin. Formulated with tea tree oil, it helps to reduce acne, control oil, and promote clear and healthy skin. The gel texture is lightweight and easily absorbed.", "healing_properties": "Blemish control, Oil reduction, Antibacterial", "herbal_ingredients": "Tea Tree Oil, Chamomile, Rosemary", "vitamins_minerals": "Vitamin A, Vitamin C, Selenium", "full_ingredients": "Aqua, Tea Tree Oil, Chamomile Extract, Rosemary Oil, etc.", "price": "47.25", "image_url": "", "image": "", "in_stock": true, "featured": true}}, {"model": "products.product", "pk": 40, "fields": {"name": "aloe_vera_hydrating_cream", "friendly_name": "Aloe Vera Hydrating Cream", "category": 3, "subcategory": 7, "sku": "YZ01AB23CD4", "size": "120ml", "description": "Aloe Vera Hydrating Cream is a nourishing and hydrating solution for oily skin. Enriched with aloe vera, it provides essential moisture without clogging pores. This lightweight cream leaves your skin feeling soft, supple, and thoroughly hydrated.", "healing_properties": "Hydrating, Nourishing, Soothing", "herbal_ingredients": "Aloe Vera Gel, Cucumber Extract, Calendula", "vitamins_minerals": "Vitamin E, Vitamin B6, Zinc", "full_ingredients": "Aqua, Aloe Vera Gel, Cucumber Extract, Calendula Oil, etc.", "price": "29.99", "image_url": "", "image": "", "in_stock": true, "featured": true}}, {"model": "products.product", "pk": 41, "fields": {"name": "witch_hazel_anti-shine_mattifying_cream", "friendly_name": "Witch Hazel Anti-Shine Mattifying Cream", "category": 3, "subcategory": 7, "sku": "EF45GH67IJ8", "size": "250ml", "description": "Witch Hazel Anti-Shine Mattifying Cream is designed to control shine and provide a matte finish to oily skin. Infused with witch hazel, it helps to tighten pores and balance oil production, leaving your skin shine-free and refreshed.", "healing_properties": "Mattifying, Oil control, Pore tightening", "herbal_ingredients": "Witch Hazel Extract, Green Tea, Lavender", "vitamins_minerals": "Vitamin B3, Vitamin C, Selenium", "full_ingredients": "Aqua, Witch Hazel Extract, Green Tea Extract, Lavender Oil, etc.", "price": "34.50", "image_url": "", "image": "", "in_stock": true, "featured": true}}, {"model": "products.product", "pk": 42, "fields": {"name": "charcoal_detoxifying_clay_mask", "friendly_name": "Charcoal Detoxifying Clay Mask", "category": 3, "subcategory": 7, "sku": "KL90MN12OP3", "size": "120ml", "description": "Charcoal Detoxifying Clay Mask is a deep-cleansing formula for oily skin. Activated charcoal helps to draw out impurities, excess oil, and toxins, leaving your skin feeling clean, refreshed, and revitalized.", "healing_properties": "Detoxifying, Deep-cleansing, Oil control", "herbal_ingredients": "Activated Charcoal, Bentonite Clay, Tea Tree Oil", "vitamins_minerals": "Vitamin A, Vitamin C, Zinc", "full_ingredients": "Aqua, Activated Charcoal, Bentonite Clay, Tea Tree Oil, etc.", "price": "45.25", "image_url": "", "image": "", "in_stock": true, "featured": true}}, {"model": "products.product", "pk": 43, "fields": {"name": "almond_oil_nourishing_night_cream", "friendly_name": "Almond Oil Nourishing Night Cream", "category": 3, "subcategory": 7, "sku": "UV56WX78YZ9", "size": "250ml", "description": "Almond Oil Nourishing Night Cream is a replenishing and hydrating cream for oily skin. Infused with almond oil, it works overnight to nourish and repair the skin, leaving you with a refreshed and rejuvenated complexion in the morning.", "healing_properties": "Nourishing, Hydrating, Repairing", "herbal_ingredients": "Almond Oil, Chamomile, Lavender Extract", "vitamins_minerals": "Vitamin E, Vitamin B5, Selenium", "full_ingredients": "Aqua, Almond Oil, Chamomile Extract, Lavender Extract, etc.", "price": "39.75", "image_url": "", "image": "", "in_stock": true, "featured": true}}, {"model": "products.product", "pk": 44, "fields": {"name": "green_tea_anti-oxidant_day_cream", "friendly_name": "Green Tea Anti-Oxidant Day Cream", "category": 3, "subcategory": 7, "sku": "CD34EF56GH7", "size": "120ml", "description": "Green Tea Anti-Oxidant Day Cream is a protective and revitalizing cream for daytime use. Packed with green tea antioxidants, it shields your skin from environmental stressors, while providing a lightweight and non-greasy feel.", "healing_properties": "Antioxidant, Protective, Revitalizing", "herbal_ingredients": "Green Tea Extract, Aloe Vera, Chamomile", "vitamins_minerals": "Vitamin C, Vitamin E, Zinc", "full_ingredients": "Aqua, Green Tea Extract, Aloe Vera Gel, Chamomile Oil, etc.", "price": "28.50", "image_url": "", "image": "", "in_stock": true, "featured": true}}, {"model": "products.product", "pk": 45, "fields": {"name": "argan_oil_hydrating_and_mattifying_gel", "friendly_name": "Argan Oil Hydrating and Mattifying Gel", "category": 3, "subcategory": 7, "sku": "EF12GH34IJ5", "size": "250ml", "description": "Argan Oil Hydrating and Mattifying Gel is a dual-action formula that hydrates the skin while providing a matte finish. Enriched with argan oil, it leaves your skin feeling moisturized, balanced, and shine-free.", "healing_properties": "Hydrating, Mattifying, Balancing", "herbal_ingredients": "Argan Oil, Cucumber Extract, Witch Hazel", "vitamins_minerals": "Vitamin E, Vitamin B3, Zinc", "full_ingredients": "Aqua, Argan Oil, Cucumber Extract, Witch Hazel Extract, etc.", "price": "33.99", "image_url": "", "image": "", "in_stock": true, "featured": true}}, {"model": "products.product", "pk": 46, "fields": {"name": "eucalyptus_mint_cooling_balm", "friendly_name": "Eucalyptus Mint Cooling Balm", "category": 1, "subcategory": 2, "sku": "L2Y3P4T5U6S7", "size": "", "description": "Experience the cooling sensation of our Eucalyptus Mint Cooling Balm, providing relief for sore muscles and inflammation.", "healing_properties": "Reduces inflammation, soothes muscle discomfort, and invigorates the senses.", "herbal_ingredients": "Eucalyptus, Peppermint", "vitamins_minerals": "None", "full_ingredients": "Eucalyptus Oil, Peppermint Oil, Beeswax, Coconut Oil", "price": "48.00", "image_url": "", "image": "", "in_stock": true, "featured": true}}, {"model": "products.product", "pk": 47, "fields": {"name": "elderberry_defense_syrup", "friendly_name": "Elderberry Defense Syrup", "category": 3, "subcategory": 8, "sku": "AB12CD34EF5", "size": "120ml", "description": "Elderberry Defense Syrup is a natural and effective solution for mixed skin types. Formulated with a blend of herbal ingredients, it nourishes and protects the skin, leaving it feeling refreshed and rejuvenated.", "healing_properties": "Promotes skin health, reduces inflammation, and provides antioxidant benefits.", "herbal_ingredients": "Elderberry, chamomile, calendula", "vitamins_minerals": "Vitamin C, Vitamin E, zinc", "full_ingredients": "Water, elderberry extract, chamomile oil, calendula extract, vitamin C, vitamin E, zinc oxide", "price": "35.99", "image_url": "", "image": "", "in_stock": true, "featured": true}}, {"model": "products.product", "pk": 48, "fields": {"name": "lavender_relaxation_cream", "friendly_name": "Lavender Relaxation Cream", "category": 3, "subcategory": 8, "sku": "GH67IJ89KL0", "size": "250ml", "description": "Indulge in the calming effects of Lavender Relaxation Cream. This natural cream is designed for mixed skin, providing a soothing and hydrating experience that promotes overall skin balance.", "healing_properties": "Relieves stress, calms the skin, and promotes relaxation.", "herbal_ingredients": "Lavender, chamomile, aloe vera", "vitamins_minerals": "Vitamin A, Vitamin C, potassium", "full_ingredients": "Aqua, lavender oil, chamomile extract, aloe vera gel, vitamin A, vitamin C, potassium sorbate", "price": "42.50", "image_url": "", "image": "", "in_stock": true, "featured": true}}, {"model": "products.product", "pk": 49, "fields": {"name": "green_tea_revitalizing_gel", "friendly_name": "Green Tea Revitalizing Gel", "category": 3, "subcategory": 8, "sku": "MN12OP34QR5", "size": "120ml", "description": "Experience the rejuvenating power of Green Tea Revitalizing Gel. This lightweight gel is perfect for mixed skin, providing hydration and a revitalizing boost to your skin's natural radiance.", "healing_properties": "Revitalizes and refreshes the skin, reduces fine lines, and provides antioxidant protection.", "herbal_ingredients": "Green tea extract, cucumber, aloe vera", "vitamins_minerals": "Vitamin E, Vitamin B5, magnesium", "full_ingredients": "Aqua, green tea extract, cucumber extract, aloe vera gel, vitamin E, vitamin B5, magnesium chloride", "price": "28.75", "image_url": "", "image": "", "in_stock": true, "featured": true}}, {"model": "products.product", "pk": 50, "fields": {"name": "rosehip_renewal_cream", "friendly_name": "Rosehip Renewal Cream", "category": 3, "subcategory": 8, "sku": "ST56UV78WX9", "size": "250ml", "description": "Renew and nourish your skin with Rosehip Renewal Cream. Specially formulated for mixed skin, this cream promotes skin renewal and leaves your complexion looking radiant and youthful.", "healing_properties": "Promotes skin renewal, reduces hyperpigmentation, and enhances skin elasticity.", "herbal_ingredients": "Rosehip oil, jojoba oil, shea butter", "vitamins_minerals": "Vitamin A, Vitamin C, omega-3 fatty acids", "full_ingredients": "Rosehip oil, jojoba oil, shea butter, vitamin A, vitamin C, omega-3 fatty acids", "price": "48.99", "image_url": "", "image": "", "in_stock": true, "featured": true}}, {"model": "products.product", "pk": 51, "fields": {"name": "aloe_vera_hydration_cream", "friendly_name": "Aloe Vera Hydration Cream", "category": 3, "subcategory": 8, "sku": "YZ12AB34CD5", "size": "120ml", "description": "Hydrate and soothe your mixed skin with Aloe Vera Hydration Cream. This natural cream provides intense moisture, calming any irritation and leaving your skin feeling soft and supple.", "healing_properties": "Soothes and hydrates the skin, reduces redness, and promotes a healthy glow.", "herbal_ingredients": "Aloe vera, chamomile, lavender", "vitamins_minerals": "Vitamin B3, Vitamin E, zinc", "full_ingredients": "Aloe vera gel, chamomile extract, lavender oil, vitamin B3, vitamin E, zinc oxide", "price": "33.25", "image_url": "", "image": "", "in_stock": true, "featured": true}}, {"model": "products.product", "pk": 52, "fields": {"name": "peppermint_energizing_essential_oil", "friendly_name": "Peppermint Energizing Essential Oil", "category": 2, "subcategory": 5, "sku": "abc123xyz456", "size": "10ml", "description": "Revitalize your senses with Peppermint Energizing Essential Oil. Known for its invigorating properties, this natural essential oil is perfect for boosting your energy and promoting mental alertness.", "healing_properties": "Stimulates mental alertness, relieves fatigue, and provides a refreshing burst of energy.", "herbal_ingredients": "Peppermint", "vitamins_minerals": "N/A", "full_ingredients": "100% Pure Peppermint Oil", "price": "18.99", "image_url": "", "image": "", "in_stock": true, "featured": true}}, {"model": "products.product", "pk": 53, "fields": {"name": "lavender_calming_essential_oil", "friendly_name": "Lavender Calming Essential Oil", "category": 2, "subcategory": 5, "sku": "def456abc789", "size": "15ml", "description": "Indulge in tranquility with Lavender Calming Essential Oil. Renowned for its soothing properties, this natural essential oil helps promote relaxation, reduce stress, and create a calming atmosphere.", "healing_properties": "Promotes relaxation, reduces stress and anxiety, and aids in better sleep.", "herbal_ingredients": "Lavender", "vitamins_minerals": "N/A", "full_ingredients": "100% Pure Lavandula angustifolia (Lavender) Oil", "price": "16.75", "image_url": "", "image": "", "in_stock": true, "featured": true}}, {"model": "products.product", "pk": 54, "fields": {"name": "tea_tree_purifying_essential_oil", "friendly_name": "Tea Tree Purifying Essential Oil", "category": 2, "subcategory": 5, "sku": "ghi789jkl012", "size": "10ml", "description": "Experience the cleansing power of Tea Tree Purifying Essential Oil. Known for its antimicrobial properties, this natural essential oil is ideal for purifying the air and promoting a healthy environment.", "healing_properties": "Fights bacteria, purifies the air, and supports skin health.", "herbal_ingredients": "Tea Tree", "vitamins_minerals": "N/A", "full_ingredients": "100% Pure Melaleuca alternifolia (Tea Tree) Oil", "price": "16.50", "image_url": "", "image": "", "in_stock": true, "featured": true}}, {"model": "products.product", "pk": 55, "fields": {"name": "lemon_uplifting_essential_oil", "friendly_name": "Lemon Uplifting Essential Oil", "category": 2, "subcategory": 5, "sku": "mno456pqr789", "size": "15ml", "description": "Elevate your mood with Lemon Uplifting Essential Oil. The bright and citrusy aroma of this natural essential oil is perfect for boosting your spirits and creating a positive atmosphere.", "healing_properties": "Uplifts mood, reduces stress, and promotes mental clarity.", "herbal_ingredients": "Lemon", "vitamins_minerals": "N/A", "full_ingredients": "100% Pure Citrus limon (Lemon) Oil", "price": "17.99", "image_url": "", "image": "", "in_stock": true, "featured": true}}, {"model": "products.product", "pk": 56, "fields": {"name": "eucalyptus_respiratory_essential_oil", "friendly_name": "Eucalyptus Respiratory Essential Oil", "category": 2, "subcategory": 5, "sku": "stu123vwx456", "size": "10ml", "description": "Breathe easy with Eucalyptus Respiratory Essential Oil. This natural oil is known for its ability to support respiratory health, clear congestion, and promote overall well-being.", "healing_properties": "Clears airways, reduces congestion, and promotes respiratory well-being.", "herbal_ingredients": "Eucalyptus", "vitamins_minerals": "N/A", "full_ingredients": "100% Pure Eucalyptus globulus (Eucalyptus) Oil", "price": "18.75", "image_url": "", "image": "", "in_stock": true, "featured": true}}, {"model": "products.product", "pk": 57, "fields": {"name": "frankincense_balancing_essential_oil", "friendly_name": "Frankincense Balancing Essential Oil", "category": 2, "subcategory": 5, "sku": "vwx567yza890", "size": "15ml", "description": "Achieve balance and serenity with Frankincense Balancing Essential Oil. This natural essential oil is renowned for its calming properties and is perfect for meditation and relaxation.", "healing_properties": "Balances emotions, reduces anxiety, and promotes spiritual well-being.", "herbal_ingredients": "Frankincense", "vitamins_minerals": "N/A", "full_ingredients": "100% Pure Boswellia sacra (Frankincense) Oil", "price": "26.50", "image_url": "", "image": "", "in_stock": true, "featured": true}}, {"model": "products.product", "pk": 58, "fields": {"name": "orange_citrus_energy_essential_oil", "friendly_name": "Orange Citrus Energy Essential Oil", "category": 2, "subcategory": 5, "sku": "opq456rst789", "size": "10ml", "description": "Ignite your energy with Orange Citrus Energy Essential Oil. The vibrant and uplifting aroma of this natural essential oil is perfect for boosting vitality and creating a positive atmosphere.", "healing_properties": "Enhances energy, uplifts mood, and supports mental alertness.", "herbal_ingredients": "Orange Oil, Citrus Extracts", "vitamins_minerals": "N/A", "full_ingredients": "100% Pure Citrus sinensis (Orange) Oil, Citrus Extracts", "price": "18.99", "image_url": "", "image": "", "in_stock": true, "featured": true}}, {"model": "products.product", "pk": 59, "fields": {"name": "lemongrass_invigorating_essential_oil", "friendly_name": "Lemongrass Invigorating Essential Oil", "category": 2, "subcategory": 5, "sku": "xyz123abc456", "size": "15ml", "description": "Invigorate your senses with Lemongrass Invigorating Essential Oil. This natural essential oil is known for its refreshing and uplifting properties, making it an excellent choice for creating an energizing ambiance.", "healing_properties": "Promotes relaxation, reduces stress, and enhances mental clarity.", "herbal_ingredients": "Lemongrass", "vitamins_minerals": "N/A", "full_ingredients": "100% Pure Cymbopogon flexuosus (Lemongrass) Oil", "price": "18.25", "image_url": "", "image": "", "in_stock": true, "featured": true}}, {"model": "products.product", "pk": 60, "fields": {"name": "rosemary_focus_essential_oil", "friendly_name": "Rosemary Focus Essential Oil", "category": 2, "subcategory": 5, "sku": "lmn890opq123", "size": "10ml", "description": "Enhance your focus and concentration with Rosemary Focus Essential Oil. This natural essential oil is renowned for its stimulating properties, making it an ideal choice for mental clarity and alertness.", "healing_properties": "Improves focus, enhances memory, and promotes mental clarity.", "herbal_ingredients": "Rosemary", "vitamins_minerals": "N/A", "full_ingredients": "100% Pure Rosmarinus officinalis (Rosemary) Oil", "price": "16.50", "image_url": "", "image": "", "in_stock": true, "featured": true}}, {"model": "products.product", "pk": 61, "fields": {"name": "sandalwood_grounding_essential_oil", "friendly_name": "Sandalwood Grounding Essential Oil", "category": 2, "subcategory": 5, "sku": "opq123rst456", "size": "15ml", "description": "Find inner peace and balance with Sandalwood Grounding Essential Oil. This natural essential oil is revered for its calming and grounding properties, making it a perfect choice for meditation and relaxation.", "healing_properties": "Calms the mind, reduces anxiety, and promotes emotional well-being.", "herbal_ingredients": "Sandalwood", "vitamins_minerals": "N/A", "full_ingredients": "100% Pure Santalum album (Sandalwood) Oil", "price": "17.50", "image_url": "", "image": "", "in_stock": true, "featured": true}}, {"model": "products.product", "pk": 62, "fields": {"name": "bergamot_citrus_essential_oil", "friendly_name": "Bergamot Citrus Essential Oil", "category": 2, "subcategory": 5, "sku": "stu456vwx789", "size": "10ml", "description": "Uplift your spirits with Bergamot Citrus Essential Oil. The citrusy and floral aroma of this natural essential oil is perfect for creating a positive and joyful atmosphere.", "healing_properties": "Uplifts mood, reduces stress, and promotes emotional well-being.", "herbal_ingredients": "Bergamot", "vitamins_minerals": "N/A", "full_ingredients": "100% Pure Citrus bergamia (Bergamot) Oil", "price": "16.25", "image_url": "", "image": "", "in_stock": true, "featured": true}}, {"model": "products.product", "pk": 63, "fields": {"name": "lemongrass_soothing_essential_oil", "friendly_name": "Lemongrass Soothing Essential Oil", "category": 2, "subcategory": 5, "sku": "pqr789stu012", "size": "15ml", "description": "Soothe your senses with Lemongrass Soothing Essential Oil. This natural essential oil is known for its calming and relaxing properties, making it an excellent choice for stress relief and relaxation.", "healing_properties": "Promotes relaxation, reduces stress, and enhances mental clarity.", "herbal_ingredients": "Lemongrass", "vitamins_minerals": "N/A", "full_ingredients": "100% Pure Cymbopogon flexuosus (Lemongrass) Oil", "price": "15.69", "image_url": "", "image": "", "in_stock": true, "featured": true}}, {"model": "products.product", "pk": 64, "fields": {"name": "peppermint_energizing_essential_oil", "friendly_name": "Peppermint Energizing Essential Oil", "category": 2, "subcategory": 5, "sku": "a1b2c3d4e5f", "size": "10ml", "description": "Invigorate your senses with Peppermint Energizing Essential Oil. Known for its refreshing and uplifting aroma, this natural essential oil is perfect for boosting your energy and focus.", "healing_properties": "Stimulates mental alertness, relieves headaches, and provides a cooling sensation.", "herbal_ingredients": "Peppermint Oil", "vitamins_minerals": "N/A", "full_ingredients": "100% Pure Peppermint Oil", "price": "29.99", "image_url": "", "image": "", "in_stock": true, "featured": true}}, {"model": "products.product", "pk": 65, "fields": {"name": "lavender_calming_essential_oil", "friendly_name": "Lavender Calming Essential Oil", "category": 2, "subcategory": 5, "sku": "g5h6i7j8k9l", "size": "15ml", "description": "Experience tranquility with Lavender Calming Essential Oil. Known for its soothing properties, this natural essential oil is ideal for promoting relaxation and a peaceful atmosphere.", "healing_properties": "Reduces stress and anxiety, promotes better sleep, and eases tension.", "herbal_ingredients": "Lavender Oil", "vitamins_minerals": "N/A", "full_ingredients": "100% Pure Lavandula angustifolia (Lavender) Oil", "price": "35.75", "image_url": null, "image": "new_added_picture.jpg", "in_stock": true, "featured": true}}, {"model": "products.product", "pk": 66, "fields": {"name": "tea_tree_antiseptic_essential_oil", "friendly_name": "Tea Tree Antiseptic Essential Oil", "category": 2, "subcategory": 5, "sku": "m1n2o3p4q5", "size": "20ml", "description": "Harness the power of nature with Tea Tree Antiseptic Essential Oil. This natural essential oil is renowned for its antiseptic and purifying properties, making it a must-have for skin care.", "healing_properties": "Fights bacteria, clears skin blemishes, and supports a healthy complexion.", "herbal_ingredients": "Tea Tree Oil", "vitamins_minerals": "N/A", "full_ingredients": "100% Pure Melaleuca alternifolia (Tea Tree) Oil", "price": "27.50", "image_url": "", "image": "", "in_stock": true, "featured": true}}, {"model": "products.product", "pk": 67, "fields": {"name": "eucalyptus_respiratory_essential_oil", "friendly_name": "Eucalyptus Respiratory Essential Oil", "category": 2, "subcategory": 5, "sku": "r6s7t8u9v0w", "size": "15ml", "description": "Breathe easy with Eucalyptus Respiratory Essential Oil. Known for its refreshing scent, this natural essential oil is perfect for supporting respiratory health and clearing congestion.", "healing_properties": "Clears airways, reduces congestion, and promotes respiratory well-being.", "herbal_ingredients": "Eucalyptus Oil", "vitamins_minerals": "N/A", "full_ingredients": "100% Pure Eucalyptus Globulus Oil", "price": "31.25", "image_url": "", "image": "", "in_stock": true, "featured": true}}, {"model": "products.product", "pk": 68, "fields": {"name": "lemongrass_uplifting_essential_oil", "friendly_name": "Lemongrass Uplifting Essential Oil", "category": 2, "subcategory": 5, "sku": "x1y2z3a4b5c", "size": "12ml", "description": "Elevate your mood with Lemongrass Uplifting Essential Oil. This natural essential oil is known for its bright and citrusy aroma, making it an ideal choice for creating a positive atmosphere.", "healing_properties": "Uplifts mood, reduces stress, and promotes emotional well-being.", "herbal_ingredients": "Lemongrass Oil", "vitamins_minerals": "N/A", "full_ingredients": "100% Pure Cymbopogon flexuosus (Lemongrass) Oil", "price": "29.50", "image_url": "", "image": "", "in_stock": true, "featured": true}}, {"model": "products.product", "pk": 69, "fields": {"name": "frankincense_meditation_essential_oil", "friendly_name": "Frankincense Meditation Essential Oil", "category": 2, "subcategory": 5, "sku": "d6e7f8g9h0i", "size": "18ml", "description": "Find inner peace with Frankincense Meditation Essential Oil. This natural essential oil is revered for its grounding and calming properties, making it perfect for meditation and relaxation.", "healing_properties": "Promotes relaxation, reduces anxiety, and enhances spiritual awareness.", "herbal_ingredients": "Frankincense Oil", "vitamins_minerals": "N/A", "full_ingredients": "100% Pure Boswellia carterii (Frankincense) Oil", "price": "14.99", "image_url": "", "image": "", "in_stock": true, "featured": true}}, {"model": "products.product", "pk": 70, "fields": {"name": "rose_romantic_essential_oil", "friendly_name": "Rose Romantic Essential Oil", "category": 2, "subcategory": 5, "sku": "j2k3l4m5n6o", "size": "10ml", "description": "Indulge in the enchanting aroma of Rose Romantic Essential Oil. This natural essential oil is known for its sweet and floral scent, promoting a sense of romance and well-being.", "healing_properties": "Uplifts mood, reduces stress, and enhances emotional balance.", "herbal_ingredients": "Rose Oil", "vitamins_minerals": "N/A", "full_ingredients": "100% Pure Rosa damascena (Rose) Oil", "price": "17.50", "image_url": "", "image": "", "in_stock": true, "featured": true}}, {"model": "products.product", "pk": 71, "fields": {"name": "orange_citrus_essential_oil", "friendly_name": "Orange Citrus Essential Oil", "category": 2, "subcategory": 5, "sku": "p4q5r6s7t8u", "size": "12ml", "description": "Energize your senses with Orange Citrus Essential Oil. This natural essential oil is bursting with a fresh and uplifting citrus aroma, perfect for boosting mood and creating a vibrant atmosphere.", "healing_properties": "Enhances mood, uplifts spirit, and provides a burst of energy.", "herbal_ingredients": "Orange Oil", "vitamins_minerals": "N/A", "full_ingredients": "100% Pure Citrus sinensis (Orange) Oil", "price": "16.75", "image_url": "", "image": "", "in_stock": true, "featured": true}}, {"model": "products.product", "pk": 72, "fields": {"name": "lemongrass_soothing_essential_oil", "friendly_name": "Lemongrass Soothing Essential Oil", "category": 2, "subcategory": 5, "sku": "v9w0x1y2z3a", "size": "15ml", "description": "Soothe your senses with Lemongrass Soothing Essential Oil. Known for its calming and earthy aroma, this natural essential oil promotes relaxation and a peaceful environment.", "healing_properties": "Calms the mind, reduces stress, and promotes emotional well-being.", "herbal_ingredients": "Lemongrass Oil", "vitamins_minerals": "N/A", "full_ingredients": "100% Pure Cymbopogon flexuosus (Lemongrass) Oil", "price": "16.25", "image_url": "", "image": "", "in_stock": true, "featured": true}}, {"model": "products.product", "pk": 73, "fields": {"name": "bergamot_citrus_essential_oil", "friendly_name": "Bergamot Citrus Essential Oil", "category": 2, "subcategory": 5, "sku": "b5c6d7e8f9g", "size": "18ml", "description": "Experience the uplifting scent of Bergamot Citrus Essential Oil. This natural essential oil is known for its citrusy and floral notes, creating a joyful and refreshing atmosphere.", "healing_properties": "Lifts mood, reduces anxiety, and promotes emotional balance.", "herbal_ingredients": "Bergamot Oil", "vitamins_minerals": "N/A", "full_ingredients": "100% Pure Citrus bergamia (Bergamot) Oil", "price": "16.50", "image_url": null, "image": "pexels-nataliya-vaitkevich-7526013_7mmIsyd.jpg", "in_stock": true, "featured": true}}, {"model": "products.product", "pk": 74, "fields": {"name": "cedarwood_woodsy_essential_oil", "friendly_name": "Cedarwood Woodsy Essential Oil", "category": 2, "subcategory": 5, "sku": "h0i1j2k3l4m", "size": "20ml", "description": "Immerse yourself in the grounding scent of Cedarwood Woodsy Essential Oil. This natural essential oil is perfect for creating a sense of tranquility and connection with nature.", "healing_properties": "Grounds the mind, reduces stress, and promotes a sense of stability.", "herbal_ingredients": "Cedarwood Oil", "vitamins_minerals": "N/A", "full_ingredients": "100% Pure Juniperus virginiana (Cedarwood) Oil", "price": "18.99", "image_url": "", "image": "", "in_stock": true, "featured": true}}, {"model": "products.product", "pk": 75, "fields": {"name": "asdfasd", "friendly_name": "asdfasd", "category": 2, "subcategory": 5, "sku": "asdf", "size": "asdf", "description": "asdfasdf", "healing_properties": "asdf", "herbal_ingredients": "asdf", "vitamins_minerals": "asdf", "full_ingredients": null, "price": "13.30", "image_url": null, "image": "new_added_picture_via_website.jpg", "in_stock": true, "featured": true}}, {"model": "checkout.order", "pk": 1, "fields": {"order_number": "CBA99BA54D914DBA9D1151E69EAA8C74", "user_profile": null, "full_name": "Veronika Nemergutova", "email": "veronika.nemergutova@gmail.com", "phone_number": "07512389089", "country": "United Kingdom", "postcode": "RG128YU", "town_or_city": "Bracknell", "street_address1": "10 Tawfield", "street_address2": null, "county": "Berkshire", "date": "2023-12-01T20:47:48.504Z", "delivery_cost": "3.85", "order_total": "77.00", "grand_total": "80.85", "original_bag": "", "stripe_pid": ""}}, {"model": "checkout.order", "pk": 2, "fields": {"order_number": "47468118C54F43268055A3398AA7BB60", "user_profile": null, "full_name": "Veronika Nemergutova", "email": "veronika.nemergutova@gmail.com", "phone_number": "07512389089", "country": "United Kingdom", "postcode": "RG128YU", "town_or_city": "Bracknell", "street_address1": "10 Tawfield", "street_address2": null, "county": "Berkshire", "date": "2023-12-01T22:07:07.904Z", "delivery_cost": "2.10", "order_total": "42.00", "grand_total": "44.10", "original_bag": "", "stripe_pid": ""}}, {"model": "checkout.order", "pk": 6, "fields": {"order_number": "DF41A2C509E84BE981E1C108418A23D9", "user_profile": null, "full_name": "Veronika Nemergutova", "email": "veronika.nemergutova@gmail.com", "phone_number": "07512389089", "country": "United Kingdom", "postcode": "RG128YU", "town_or_city": "Bracknell", "street_address1": "10 Tawfield", "street_address2": null, "county": "Berkshire", "date": "2023-12-02T00:49:17.800Z", "delivery_cost": "0.00", "order_total": "81.50", "grand_total": "81.50", "original_bag": "", "stripe_pid": ""}}, {"model": "checkout.order", "pk": 7, "fields": {"order_number": "5A1B539944C6495EB16DEAFD94EC0DBB", "user_profile": null, "full_name": "Veronika Nemergutova", "email": "veronika.nemergutova@gmail.com", "phone_number": "07512389089", "country": "United Kingdom", "postcode": "RG128YU", "town_or_city": "Bracknell", "street_address1": "10 Tawfield", "street_address2": null, "county": "Berkshire", "date": "2023-12-02T02:16:20.562Z", "delivery_cost": "0.00", "order_total": "100.00", "grand_total": "100.00", "original_bag": "", "stripe_pid": ""}}, {"model": "checkout.order", "pk": 8, "fields": {"order_number": "2564A3963D2E4E1C80840DBBBADDF6F9", "user_profile": null, "full_name": "Veronika Nemergutova", "email": "veronika.nemergutova@gmail.com", "phone_number": "07512389089", "country": "United Kingdom", "postcode": "RG128YU", "town_or_city": "Bracknell", "street_address1": "10 Tawfield", "street_address2": null, "county": "Berkshire", "date": "2023-12-02T03:08:23.982Z", "delivery_cost": "0.00", "order_total": "81.00", "grand_total": "81.00", "original_bag": "", "stripe_pid": ""}}, {"model": "checkout.order", "pk": 9, "fields": {"order_number": "3525242A13CC44159276E0DA6C69B911", "user_profile": null, "full_name": "Veronika Nemergutova", "email": "veronika.nemergutova@gmail.com", "phone_number": "07512389089", "country": "United Kingdom", "postcode": "RG128YU", "town_or_city": "Bracknell", "street_address1": "10 Tawfield", "street_address2": null, "county": "Berkshire", "date": "2023-12-02T04:18:19.116Z", "delivery_cost": "0.00", "order_total": "93.00", "grand_total": "93.00", "original_bag": "", "stripe_pid": ""}}, {"model": "checkout.order", "pk": 10, "fields": {"order_number": "6D4BA865215C4D1C84D2C59B381698E4", "user_profile": null, "full_name": "Veronika Nemergutova", "email": "veronika.nemergutova@gmail.com", "phone_number": "07512389089", "country": "United Kingdom", "postcode": "RG128YU", "town_or_city": "Bracknell", "street_address1": "10 Tawfield", "street_address2": null, "county": "Berkshire", "date": "2023-12-02T04:27:50.760Z", "delivery_cost": "0.00", "order_total": "88.50", "grand_total": "88.50", "original_bag": "", "stripe_pid": ""}}, {"model": "checkout.order", "pk": 11, "fields": {"order_number": "77D0DF4BE70C43BF9CF4E92F460E0890", "user_profile": null, "full_name": "Veronika Nemergutova", "email": "veronika.nemergutova@gmail.com", "phone_number": "07512389089", "country": "United Kingdom", "postcode": "RG128YU", "town_or_city": "Bracknell", "street_address1": "10 Tawfield", "street_address2": null, "county": "Berkshire", "date": "2023-12-02T04:33:57.524Z", "delivery_cost": "1.75", "order_total": "35.00", "grand_total": "36.75", "original_bag": "", "stripe_pid": ""}}, {"model": "checkout.order", "pk": 12, "fields": {"order_number": "F015DC6104794DD69BEC1D0D86505FE9", "user_profile": null, "full_name": "Veronika Nemergutova", "email": "veronika.nemergutova@gmail.com", "phone_number": "07512389089", "country": "United Kingdom", "postcode": "RG128YU", "town_or_city": "Bracknell", "street_address1": "10 Tawfield", "street_address2": null, "county": "Berkshire", "date": "2023-12-02T04:52:43.523Z", "delivery_cost": "1.85", "order_total": "37.00", "grand_total": "38.85", "original_bag": "", "stripe_pid": ""}}, {"model": "checkout.order", "pk": 13, "fields": {"order_number": "33B58F335BEC4F0283143C576704A3AA", "user_profile": null, "full_name": "Veronika Nemergutova", "email": "veronika.nemergutova@gmail.com", "phone_number": "07512389089", "country": "GB", "postcode": "RG128YU", "town_or_city": "Bracknell", "street_address1": "10 Tawfield", "street_address2": null, "county": "Berkshire", "date": "2023-12-02T17:37:37.438Z", "delivery_cost": "0.00", "order_total": "95.50", "grand_total": "95.50", "original_bag": "", "stripe_pid": ""}}, {"model": "checkout.order", "pk": 14, "fields": {"order_number": "BE40EF1A5E304399B5B2296A05EA64E3", "user_profile": null, "full_name": "Veronika Nemergutova", "email": "veronika.nemergutova@gmail.com", "phone_number": "07512389089", "country": "GB", "postcode": "RG128YU", "town_or_city": "Bracknell", "street_address1": "10 Tawfield", "street_address2": null, "county": "Berkshire", "date": "2023-12-02T17:39:58.396Z", "delivery_cost": "2.90", "order_total": "58.00", "grand_total": "60.90", "original_bag": "", "stripe_pid": ""}}, {"model": "checkout.order", "pk": 15, "fields": {"order_number": "890F51D9DD7F4F30972CA7B3AC014EFC", "user_profile": null, "full_name": "Veronika Nemergutova", "email": "veronika.nemergutova@gmail.com", "phone_number": "07512389089", "country": "GB", "postcode": "RG128YU", "town_or_city": "Bracknell", "street_address1": "10 Tawfield", "street_address2": null, "county": "Berkshire", "date": "2023-12-03T03:38:08.059Z", "delivery_cost": "2.78", "order_total": "55.50", "grand_total": "58.28", "original_bag": "", "stripe_pid": ""}}, {"model": "checkout.order", "pk": 16, "fields": {"order_number": "AD8C4F54A4D041C994AA73CFB3736124", "user_profile": null, "full_name": "Veronika Nemergutova", "email": "veronika.nemergutova@gmail.com", "phone_number": "07512389089", "country": "GB", "postcode": "RG128YU", "town_or_city": "Bracknell", "street_address1": "10 Tawfield", "street_address2": null, "county": "Berkshire", "date": "2023-12-03T03:44:26.827Z", "delivery_cost": "0.00", "order_total": "90.00", "grand_total": "90.00", "original_bag": "", "stripe_pid": ""}}, {"model": "checkout.order", "pk": 17, "fields": {"order_number": "6E8C38F9618E427D945163658A0EE5B2", "user_profile": 3, "full_name": "Veronika Nemergutova", "email": "veronika.nemergutova@gmail.com", "phone_number": "07512389089", "country": "GB", "postcode": "RG128YU", "town_or_city": "Bracknell", "street_address1": "10 Tawfield", "street_address2": null, "county": "Berkshire", "date": "2023-12-03T04:01:20.164Z", "delivery_cost": "3.60", "order_total": "72.00", "grand_total": "75.60", "original_bag": "", "stripe_pid": ""}}, {"model": "checkout.order", "pk": 18, "fields": {"order_number": "94488111396B449783F6709E48F58FD7", "user_profile": 3, "full_name": "Veronika Nemergutova", "email": "veronika.nemergutova@gmail.com", "phone_number": "07512389089", "country": "GB", "postcode": "RG128YU", "town_or_city": "Bracknell", "street_address1": "10 Tawfield", "street_address2": null, "county": "Berkshire", "date": "2023-12-03T04:06:22.918Z", "delivery_cost": "1.50", "order_total": "30.00", "grand_total": "31.50", "original_bag": "", "stripe_pid": ""}}, {"model": "checkout.order", "pk": 19, "fields": {"order_number": "64C69681CDE342D2AF67CCD61B8ACBD7", "user_profile": 3, "full_name": "Veronika Nemergutova", "email": "veronika.nemergutova@gmail.com", "phone_number": "07512389089", "country": "GB", "postcode": "RG128YU", "town_or_city": "Bracknell", "street_address1": "10 Tawfield", "street_address2": null, "county": "Berkshire", "date": "2023-12-03T04:09:29.626Z", "delivery_cost": "3.60", "order_total": "72.00", "grand_total": "75.60", "original_bag": "", "stripe_pid": ""}}, {"model": "checkout.order", "pk": 20, "fields": {"order_number": "E7319A95585343498F98B18BE342D11E", "user_profile": 3, "full_name": "Veronika Nemergutova", "email": "veronika.nemergutova@gmail.com", "phone_number": "07512389089", "country": "GB", "postcode": "RG128YU", "town_or_city": "Bracknell", "street_address1": "10 Tawfield", "street_address2": null, "county": "Berkshire", "date": "2023-12-03T04:24:47.652Z", "delivery_cost": "1.75", "order_total": "35.00", "grand_total": "36.75", "original_bag": "", "stripe_pid": ""}}, {"model": "checkout.order", "pk": 21, "fields": {"order_number": "FA848B7AA76C48CF9477E0934687B6C3", "user_profile": 3, "full_name": "Veronika Nemergutova", "email": "test2@gmail.com", "phone_number": "07512389089", "country": "GB", "postcode": "RG128YU", "town_or_city": "Bracknell", "street_address1": "10 Tawfield", "street_address2": null, "county": "Berkshire", "date": "2023-12-03T22:38:35.255Z", "delivery_cost": "0.00", "order_total": "100.00", "grand_total": "100.00", "original_bag": "", "stripe_pid": ""}}, {"model": "checkout.order", "pk": 22, "fields": {"order_number": "8AB75D8252C44BA0895BCBBC91D705FC", "user_profile": 3, "full_name": "Veronika Nemergutova", "email": "test2@gmail.com", "phone_number": "07512389089", "country": "GB", "postcode": "RG128YU", "town_or_city": "Bracknell", "street_address1": "10 Tawfield", "street_address2": null, "county": "Berkshire", "date": "2023-12-03T22:40:54.791Z", "delivery_cost": "0.00", "order_total": "158.50", "grand_total": "158.50", "original_bag": "", "stripe_pid": ""}}, {"model": "checkout.order", "pk": 23, "fields": {"order_number": "000CD28499F244BAA929578FA5E8A25E", "user_profile": 3, "full_name": "Veronika Nemergutova", "email": "test2@gmail.com", "phone_number": "07512389089", "country": "GB", "postcode": "RG128YU", "town_or_city": "Bracknell", "street_address1": "10 Tawfield", "street_address2": null, "county": "Berkshire", "date": "2023-12-03T22:42:57.713Z", "delivery_cost": "0.00", "order_total": "123.50", "grand_total": "123.50", "original_bag": "", "stripe_pid": ""}}, {"model": "checkout.order", "pk": 24, "fields": {"order_number": "2DDF69C0BDAA420682EF1EC442959EDD", "user_profile": 3, "full_name": "Veronika Nemergutova", "email": "test2@gmail.com", "phone_number": "07512389089", "country": "GB", "postcode": "RG128YU", "town_or_city": "Bracknell", "street_address1": "10 Tawfield", "street_address2": null, "county": "Berkshire", "date": "2023-12-04T17:56:22.342Z", "delivery_cost": "3.60", "order_total": "72.00", "grand_total": "75.60", "original_bag": "", "stripe_pid": ""}}, {"model": "checkout.order", "pk": 25, "fields": {"order_number": "8FF3511935D24313B719912D68132230", "user_profile": 3, "full_name": "Veronika Nemergutova", "email": "test2@gmail.com", "phone_number": "07512389089", "country": "GB", "postcode": "RG128YU", "town_or_city": "Bracknell", "street_address1": "10 Tawfield", "street_address2": null, "county": "Berkshire", "date": "2023-12-04T17:58:32.487Z", "delivery_cost": "1.05", "order_total": "21.00", "grand_total": "22.05", "original_bag": "", "stripe_pid": ""}}, {"model": "checkout.order", "pk": 26, "fields": {"order_number": "F110E8A28B5843539CA9CC0980B952F9", "user_profile": 3, "full_name": "Veronika Nemergutova", "email": "test2@gmail.com", "phone_number": "07512389089", "country": "GB", "postcode": "RG128YU", "town_or_city": "Bracknell", "street_address1": "10 Tawfield", "street_address2": null, "county": "Berkshire", "date": "2023-12-04T19:11:15.027Z", "delivery_cost": "0.00", "order_total": "81.00", "grand_total": "81.00", "original_bag": "", "stripe_pid": ""}}, {"model": "checkout.order", "pk": 27, "fields": {"order_number": "91DE13E1740C4526A911C7E721232FD7", "user_profile": 3, "full_name": "Veronika Nemergutova", "email": "test2@gmail.com", "phone_number": "07512389089", "country": "GB", "postcode": "RG128YU", "town_or_city": "Bracknell", "street_address1": "10 Tawfield", "street_address2": null, "county": "Berkshire", "date": "2023-12-04T19:17:21.034Z", "delivery_cost": "3.92", "order_total": "78.50", "grand_total": "82.42", "original_bag": "", "stripe_pid": ""}}, {"model": "checkout.order", "pk": 28, "fields": {"order_number": "F38E61B8E3AB435BB2F370395970F196", "user_profile": 3, "full_name": "Veronika Nemergutova", "email": "test2@gmail.com", "phone_number": "07512389089", "country": "GB", "postcode": "RG128YU", "town_or_city": "Bracknell", "street_address1": "10 Tawfield", "street_address2": null, "county": "Berkshire", "date": "2023-12-04T19:19:20.906Z", "delivery_cost": "1.98", "order_total": "39.50", "grand_total": "41.48", "original_bag": "", "stripe_pid": ""}}, {"model": "checkout.order", "pk": 29, "fields": {"order_number": "E054A09181AA443FB163870714930394", "user_profile": 3, "full_name": "Veronika Nemergutova", "email": "test2@gmail.com", "phone_number": "07512389089", "country": "GB", "postcode": "RG128YU", "town_or_city": "Bracknell", "street_address1": "10 Tawfield", "street_address2": null, "county": "Berkshire", "date": "2023-12-04T19:20:14.542Z", "delivery_cost": "1.98", "order_total": "39.50", "grand_total": "41.48", "original_bag": "", "stripe_pid": ""}}, {"model": "checkout.order", "pk": 30, "fields": {"order_number": "9E18C553CE2C465B9FD239C568CF2D29", "user_profile": 3, "full_name": "Veronika Nemergutova", "email": "test2@gmail.com", "phone_number": "07512389089", "country": "GB", "postcode": "RG128YU", "town_or_city": "Bracknell", "street_address1": "10 Tawfield", "street_address2": null, "county": "Berkshire", "date": "2023-12-04T19:23:20.435Z", "delivery_cost": "2.68", "order_total": "53.50", "grand_total": "56.18", "original_bag": "", "stripe_pid": ""}}, {"model": "checkout.order", "pk": 31, "fields": {"order_number": "59731AF733B249898F5E0E99889BC835", "user_profile": 3, "full_name": "Veronika Nemergutova", "email": "test2@gmail.com", "phone_number": "07512389089", "country": "GB", "postcode": "RG128YU", "town_or_city": "Bracknell", "street_address1": "10 Tawfield", "street_address2": null, "county": "Berkshire", "date": "2023-12-04T19:32:28.357Z", "delivery_cost": "2.68", "order_total": "53.50", "grand_total": "56.18", "original_bag": "", "stripe_pid": ""}}, {"model": "checkout.order", "pk": 32, "fields": {"order_number": "3E9D85A587254372B1D4362EB8CFF9B2", "user_profile": 3, "full_name": "Veronika Nemergutova", "email": "test2@gmail.com", "phone_number": "07512389089", "country": "GB", "postcode": "RG128YU", "town_or_city": "Bracknell", "street_address1": "10 Tawfield", "street_address2": null, "county": "Berkshire", "date": "2023-12-04T19:35:29.343Z", "delivery_cost": "2.68", "order_total": "53.50", "grand_total": "56.18", "original_bag": "", "stripe_pid": ""}}, {"model": "checkout.order", "pk": 33, "fields": {"order_number": "BD2775356F614E0B866E99C1310D8E17", "user_profile": 3, "full_name": "Veronika Nemergutova", "email": "test2@gmail.com", "phone_number": "07512389089", "country": "GB", "postcode": "RG128YU", "town_or_city": "Bracknell", "street_address1": "10 Tawfield", "street_address2": null, "county": "Berkshire", "date": "2023-12-04T22:18:08.314Z", "delivery_cost": "0.92", "order_total": "18.50", "grand_total": "19.42", "original_bag": "", "stripe_pid": ""}}, {"model": "checkout.order", "pk": 34, "fields": {"order_number": "6F04691A06A74C08B20438B80DC089AF", "user_profile": 3, "full_name": "Veronika Nemergutova", "email": "test2@gmail.com", "phone_number": "07512389089", "country": "GB", "postcode": "RG128YU", "town_or_city": "Bracknell", "street_address1": "10 Tawfield", "street_address2": null, "county": "Berkshire", "date": "2024-01-06T12:06:49.309Z", "delivery_cost": "2.10", "order_total": "42.00", "grand_total": "44.10", "original_bag": "{\"3\": 2}", "stripe_pid": "pi_3OVYduAFeUdFtYnW1rfiwg58"}}, {"model": "checkout.order", "pk": 35, "fields": {"order_number": "05AC17E837EA4E7A8167200667AA1168", "user_profile": 2, "full_name": "Veronika Nemergutova", "email": "veronika.nemergutova@gmail.com", "phone_number": "07512389089", "country": "GB", "postcode": "RG128YU", "town_or_city": "Bracknell", "street_address1": "10 Tawfield", "street_address2": null, "county": "Berkshire", "date": "2024-01-06T22:14:38.108Z", "delivery_cost": "0.00", "order_total": "212.50", "grand_total": "212.50", "original_bag": "{\"2\": 1, \"4\": 1, \"8\": 8, \"3\": 3}", "stripe_pid": "pi_3OVi8AAFeUdFtYnW3Q9frGCt"}}, {"model": "checkout.order", "pk": 36, "fields": {"order_number": "469158684A684E03A77E6022D90A866F", "user_profile": null, "full_name": "Veronika Nemergutova", "email": "veronika.nemergutova@gmail.com", "phone_number": "07512389089", "country": "GB", "postcode": "RG128YU", "town_or_city": "Bracknell", "street_address1": "10 Tawfield", "street_address2": null, "county": "Berkshire", "date": "2024-01-07T00:18:55.526Z", "delivery_cost": "1.50", "order_total": "30.00", "grand_total": "31.50", "original_bag": "{\"1\": 1}", "stripe_pid": "pi_3OVk4QAFeUdFtYnW1NKCWzvU"}}, {"model": "checkout.order", "pk": 37, "fields": {"order_number": "905041A455FD402BAEA5463D9C4FF71D", "user_profile": 3, "full_name": "Veronika Nemergutova", "email": "veronika.nemergutova@gmail.com", "phone_number": "07512389089", "country": "GB", "postcode": "RG128YU", "town_or_city": "Bracknell", "street_address1": "10 Tawfield", "street_address2": null, "county": "Berkshire", "date": "2024-01-09T22:22:03.770Z", "delivery_cost": "0.00", "order_total": "98.00", "grand_total": "98.00", "original_bag": "{\"3\": 3, \"4\": 1}", "stripe_pid": "pi_3OWnXVAFeUdFtYnW1xj0XrAj"}}, {"model": "checkout.orderlineitem", "pk": 1, "fields": {"order": 1, "product": 4, "quantity": 1, "lineitem_total": "35.00"}}, {"model": "checkout.orderlineitem", "pk": 2, "fields": {"order": 1, "product": 3, "quantity": 2, "lineitem_total": "42.00"}}, {"model": "checkout.orderlineitem", "pk": 4, "fields": {"order": 2, "product": 3, "quantity": 2, "lineitem_total": "42.00"}}, {"model": "checkout.orderlineitem", "pk": 11, "fields": {"order": 6, "product": 2, "quantity": 1, "lineitem_total": "18.50"}}, {"model": "checkout.orderlineitem", "pk": 12, "fields": {"order": 6, "product": 3, "quantity": 3, "lineitem_total": "63.00"}}, {"model": "checkout.orderlineitem", "pk": 13, "fields": {"order": 7, "product": 1, "quantity": 1, "lineitem_total": "30.00"}}, {"model": "checkout.orderlineitem", "pk": 14, "fields": {"order": 7, "product": 4, "quantity": 2, "lineitem_total": "70.00"}}, {"model": "checkout.orderlineitem", "pk": 15, "fields": {"order": 8, "product": 3, "quantity": 1, "lineitem_total": "21.00"}}, {"model": "checkout.orderlineitem", "pk": 16, "fields": {"order": 8, "product": 1, "quantity": 2, "lineitem_total": "60.00"}}, {"model": "checkout.orderlineitem", "pk": 17, "fields": {"order": 9, "product": 1, "quantity": 1, "lineitem_total": "30.00"}}, {"model": "checkout.orderlineitem", "pk": 18, "fields": {"order": 9, "product": 3, "quantity": 3, "lineitem_total": "63.00"}}, {"model": "checkout.orderlineitem", "pk": 19, "fields": {"order": 10, "product": 2, "quantity": 1, "lineitem_total": "18.50"}}, {"model": "checkout.orderlineitem", "pk": 20, "fields": {"order": 10, "product": 4, "quantity": 2, "lineitem_total": "70.00"}}, {"model": "checkout.orderlineitem", "pk": 21, "fields": {"order": 11, "product": 4, "quantity": 1, "lineitem_total": "35.00"}}, {"model": "checkout.orderlineitem", "pk": 22, "fields": {"order": 12, "product": 2, "quantity": 2, "lineitem_total": "37.00"}}, {"model": "checkout.orderlineitem", "pk": 23, "fields": {"order": 13, "product": 3, "quantity": 2, "lineitem_total": "42.00"}}, {"model": "checkout.orderlineitem", "pk": 24, "fields": {"order": 13, "product": 2, "quantity": 1, "lineitem_total": "18.50"}}, {"model": "checkout.orderlineitem", "pk": 25, "fields": {"order": 13, "product": 4, "quantity": 1, "lineitem_total": "35.00"}}, {"model": "checkout.orderlineitem", "pk": 26, "fields": {"order": 14, "product": 2, "quantity": 2, "lineitem_total": "37.00"}}, {"model": "checkout.orderlineitem", "pk": 27, "fields": {"order": 14, "product": 3, "quantity": 1, "lineitem_total": "21.00"}}, {"model": "checkout.orderlineitem", "pk": 28, "fields": {"order": 15, "product": 2, "quantity": 3, "lineitem_total": "55.50"}}, {"model": "checkout.orderlineitem", "pk": 29, "fields": {"order": 16, "product": 1, "quantity": 3, "lineitem_total": "90.00"}}, {"model": "checkout.orderlineitem", "pk": 30, "fields": {"order": 17, "product": 1, "quantity": 1, "lineitem_total": "30.00"}}, {"model": "checkout.orderlineitem", "pk": 31, "fields": {"order": 17, "product": 3, "quantity": 2, "lineitem_total": "42.00"}}, {"model": "checkout.orderlineitem", "pk": 32, "fields": {"order": 18, "product": 1, "quantity": 1, "lineitem_total": "30.00"}}, {"model": "checkout.orderlineitem", "pk": 33, "fields": {"order": 19, "product": 3, "quantity": 2, "lineitem_total": "42.00"}}, {"model": "checkout.orderlineitem", "pk": 34, "fields": {"order": 19, "product": 1, "quantity": 1, "lineitem_total": "30.00"}}, {"model": "checkout.orderlineitem", "pk": 35, "fields": {"order": 20, "product": 4, "quantity": 1, "lineitem_total": "35.00"}}, {"model": "checkout.orderlineitem", "pk": 36, "fields": {"order": 21, "product": 2, "quantity": 2, "lineitem_total": "37.00"}}, {"model": "checkout.orderlineitem", "pk": 37, "fields": {"order": 21, "product": 3, "quantity": 3, "lineitem_total": "63.00"}}, {"model": "checkout.orderlineitem", "pk": 38, "fields": {"order": 22, "product": 2, "quantity": 1, "lineitem_total": "18.50"}}, {"model": "checkout.orderlineitem", "pk": 39, "fields": {"order": 22, "product": 4, "quantity": 4, "lineitem_total": "140.00"}}, {"model": "checkout.orderlineitem", "pk": 40, "fields": {"order": 23, "product": 2, "quantity": 1, "lineitem_total": "18.50"}}, {"model": "checkout.orderlineitem", "pk": 41, "fields": {"order": 23, "product": 4, "quantity": 3, "lineitem_total": "105.00"}}, {"model": "checkout.orderlineitem", "pk": 42, "fields": {"order": 24, "product": 2, "quantity": 2, "lineitem_total": "37.00"}}, {"model": "checkout.orderlineitem", "pk": 43, "fields": {"order": 24, "product": 4, "quantity": 1, "lineitem_total": "35.00"}}, {"model": "checkout.orderlineitem", "pk": 44, "fields": {"order": 25, "product": 3, "quantity": 1, "lineitem_total": "21.00"}}, {"model": "checkout.orderlineitem", "pk": 45, "fields": {"order": 26, "product": 3, "quantity": 1, "lineitem_total": "21.00"}}, {"model": "checkout.orderlineitem", "pk": 46, "fields": {"order": 26, "product": 1, "quantity": 2, "lineitem_total": "60.00"}}, {"model": "checkout.orderlineitem", "pk": 47, "fields": {"order": 27, "product": 2, "quantity": 1, "lineitem_total": "18.50"}}, {"model": "checkout.orderlineitem", "pk": 48, "fields": {"order": 27, "product": 1, "quantity": 2, "lineitem_total": "60.00"}}, {"model": "checkout.orderlineitem", "pk": 49, "fields": {"order": 28, "product": 2, "quantity": 1, "lineitem_total": "18.50"}}, {"model": "checkout.orderlineitem", "pk": 50, "fields": {"order": 28, "product": 3, "quantity": 1, "lineitem_total": "21.00"}}, {"model": "checkout.orderlineitem", "pk": 51, "fields": {"order": 29, "product": 2, "quantity": 1, "lineitem_total": "18.50"}}, {"model": "checkout.orderlineitem", "pk": 52, "fields": {"order": 29, "product": 3, "quantity": 1, "lineitem_total": "21.00"}}, {"model": "checkout.orderlineitem", "pk": 53, "fields": {"order": 30, "product": 2, "quantity": 1, "lineitem_total": "18.50"}}, {"model": "checkout.orderlineitem", "pk": 54, "fields": {"order": 30, "product": 4, "quantity": 1, "lineitem_total": "35.00"}}, {"model": "checkout.orderlineitem", "pk": 55, "fields": {"order": 31, "product": 2, "quantity": 1, "lineitem_total": "18.50"}}, {"model": "checkout.orderlineitem", "pk": 56, "fields": {"order": 31, "product": 4, "quantity": 1, "lineitem_total": "35.00"}}, {"model": "checkout.orderlineitem", "pk": 57, "fields": {"order": 32, "product": 4, "quantity": 1, "lineitem_total": "35.00"}}, {"model": "checkout.orderlineitem", "pk": 58, "fields": {"order": 32, "product": 2, "quantity": 1, "lineitem_total": "18.50"}}, {"model": "checkout.orderlineitem", "pk": 59, "fields": {"order": 33, "product": 2, "quantity": 1, "lineitem_total": "18.50"}}, {"model": "checkout.orderlineitem", "pk": 60, "fields": {"order": 34, "product": 3, "quantity": 2, "lineitem_total": "42.00"}}, {"model": "checkout.orderlineitem", "pk": 61, "fields": {"order": 35, "product": 2, "quantity": 1, "lineitem_total": "18.50"}}, {"model": "checkout.orderlineitem", "pk": 62, "fields": {"order": 35, "product": 4, "quantity": 1, "lineitem_total": "35.00"}}, {"model": "checkout.orderlineitem", "pk": 63, "fields": {"order": 35, "product": 8, "quantity": 8, "lineitem_total": "96.00"}}, {"model": "checkout.orderlineitem", "pk": 64, "fields": {"order": 35, "product": 3, "quantity": 3, "lineitem_total": "63.00"}}, {"model": "checkout.orderlineitem", "pk": 65, "fields": {"order": 36, "product": 1, "quantity": 1, "lineitem_total": "30.00"}}, {"model": "checkout.orderlineitem", "pk": 66, "fields": {"order": 37, "product": 3, "quantity": 3, "lineitem_total": "63.00"}}, {"model": "checkout.orderlineitem", "pk": 67, "fields": {"order": 37, "product": 4, "quantity": 1, "lineitem_total": "35.00"}}, {"model": "profiles.userprofile", "pk": 1, "fields": {"user": 2, "full_name": null, "phone_number": null, "street_address1": null, "street_address2": null, "town_or_city": null, "county": null, "postcode": null, "country": null}}, {"model": "profiles.userprofile", "pk": 2, "fields": {"user": 3, "full_name": null, "phone_number": null, "street_address1": null, "street_address2": null, "town_or_city": null, "county": null, "postcode": null, "country": null}}, {"model": "profiles.userprofile", "pk": 3, "fields": {"user": 4, "full_name": "Veronika Nemergutova", "phone_number": "07512389089", "street_address1": "10 Tawfield", "street_address2": null, "town_or_city": "Bracknell", "county": "Berkshire", "postcode": "RG128YU", "country": "GB"}}, {"model": "profiles.userprofile", "pk": 4, "fields": {"user": 5, "full_name": null, "phone_number": null, "street_address1": null, "street_address2": null, "town_or_city": null, "county": null, "postcode": null, "country": null}}, {"model": "wishlist.wishlist", "pk": 168, "fields": {"user_profile": 2, "product": 4}}, {"model": "wishlist.wishlist", "pk": 170, "fields": {"user_profile": 2, "product": 3}}, {"model": "wishlist.wishlist", "pk": 178, "fields": {"user_profile": 2, "product": 10}}, {"model": "wishlist.wishlist", "pk": 179, "fields": {"user_profile": 2, "product": 1}}, {"model": "wishlist.wishlist", "pk": 181, "fields": {"user_profile": 1, "product": 4}}, {"model": "wishlist.wishlist", "pk": 182, "fields": {"user_profile": 1, "product": 3}}, {"model": "wishlist.wishlist", "pk": 189, "fields": {"user_profile": 2, "product": 8}}, {"model": "wishlist.wishlist", "pk": 194, "fields": {"user_profile": 2, "product": 12}}, {"model": "wishlist.wishlist", "pk": 195, "fields": {"user_profile": 2, "product": 13}}, {"model": "reviews.review", "pk": 3, "fields": {"user_profile": 3, "product": 2, "review": "This is a test ", "review_date": "2023-12-21T13:16:06.133Z"}}, {"model": "reviews.review", "pk": 4, "fields": {"user_profile": 3, "product": 2, "review": "edit review number 4", "review_date": "2023-12-21T13:16:13.047Z"}}, {"model": "reviews.review", "pk": 5, "fields": {"user_profile": 3, "product": 2, "review": "This is a test ", "review_date": "2023-12-21T13:17:00.423Z"}}, {"model": "reviews.review", "pk": 7, "fields": {"user_profile": 3, "product": 2, "review": "This is a test ", "review_date": "2023-12-21T13:20:28.830Z"}}, {"model": "reviews.review", "pk": 8, "fields": {"user_profile": 3, "product": 2, "review": "This is a test ", "review_date": "2023-12-21T13:23:36.941Z"}}, {"model": "reviews.review", "pk": 9, "fields": {"user_profile": 3, "product": 2, "review": "This is a test ", "review_date": "2023-12-21T13:24:52.596Z"}}, {"model": "reviews.review", "pk": 10, "fields": {"user_profile": 3, "product": 2, "review": "This is a test ", "review_date": "2023-12-21T13:24:59.752Z"}}, {"model": "reviews.review", "pk": 13, "fields": {"user_profile": 3, "product": 1, "review": "good product\r\n", "review_date": "2023-12-25T23:22:43.330Z"}}, {"model": "reviews.review", "pk": 14, "fields": {"user_profile": 2, "product": 5, "review": "I need to edit this review for this product", "review_date": "2023-12-29T17:38:43.997Z"}}, {"model": "reviews.review", "pk": 15, "fields": {"user_profile": 1, "product": 2, "review": "review from user test1\r\n", "review_date": "2023-12-29T19:02:50.315Z"}}, {"model": "reviews.review", "pk": 16, "fields": {"user_profile": 1, "product": 8, "review": "asdfsdf", "review_date": "2024-01-04T13:33:57.207Z"}}, {"model": "reviews.review", "pk": 17, "fields": {"user_profile": 1, "product": 8, "review": "try to write an review", "review_date": "2024-01-04T13:34:09.169Z"}}, {"model": "reviews.review", "pk": 18, "fields": {"user_profile": 1, "product": 2, "review": "try to add review now", "review_date": "2024-01-04T13:35:10.616Z"}}, {"model": "reviews.review", "pk": 19, "fields": {"user_profile": 1, "product": 9, "review": "of type and scrambled it to make a type specimen book. It has survived not only five centuries, but also the leap into electronic typesetting, remaining essentially unchanged. It was pop", "review_date": "2024-01-04T20:01:56.666Z"}}, {"model": "reviews.review", "pk": 20, "fields": {"user_profile": 1, "product": 9, "review": "ault model text, and a search for 'lorem ipsum' will uncover many web sites still in their infancy. Various versions have evolved over the years, sometimes by accident", "review_date": "2024-01-04T20:06:46.453Z"}}, {"model": "reviews.review", "pk": 21, "fields": {"user_profile": 3, "product": 9, "review": "believable. If you are going to use a passage of Lorem Ipsum, you need to be sure there isn't anything embarrassing hidden in the middle of text. All the Lorem Ipsum generators on the Internet tend to repeat predefi", "review_date": "2024-01-04T20:11:19.433Z"}}, {"model": "reviews.review", "pk": 23, "fields": {"user_profile": 3, "product": 3, "review": "comment", "review_date": "2024-01-05T00:10:12.073Z"}}, {"model": "reviews.review", "pk": 24, "fields": {"user_profile": 1, "product": 1, "review": "My review", "review_date": "2024-01-07T15:19:54.428Z"}}, {"model": "reviews.review", "pk": 25, "fields": {"user_profile": 1, "product": 1, "review": "Another", "review_date": "2024-01-07T15:20:33.471Z"}}, {"model": "reviews.review", "pk": 26, "fields": {"user_profile": 3, "product": 4, "review": "edit revdiew", "review_date": "2024-01-09T18:41:22.787Z"}}, {"model": "reviews.review", "pk": 27, "fields": {"user_profile": 3, "product": 4, "review": "review 2", "review_date": "2024-01-09T18:47:09.649Z"}}, {"model": "reviews.review", "pk": 29, "fields": {"user_profile": 2, "product": 13, "review": "I love this product", "review_date": "2024-01-10T22:23:52.905Z"}}]